# Purpose: parse chromatin reads										
# Expected structure										
# - R1: DPMBot + DNA insert + dA + DPMTop + DPMBot_common_rc + LigEven + OddTop1 + LigOdd + EvenTop1 + LigEven + OddTop2 + LigOdd + EvenTop2 + LigEven + OddTop3 + LigOdd + NYLigOddStgTop + Illumina read 2 sequencing primer_rc										
# - R2: NYStgBot + Odd + OddBot3 + Even + EvenBot2 + Odd + OddBot2 + Even + EvenBot1 + Odd + OddBot1 + Even + DPMBot_common + DPMBot + DNA insert + dA + DPMTop + Illumina read 1 sequencing primer_rc										
#										
# Procedure										
# - 5' processing: identify and trim 5' DPM from R1; identify and trim 5' barcode from R2										
# - 3' processing: trim 3' DPMTop										
#   - R1: dA + DPMTop (unique) + DPMBot_common_rc = DPMBot6_rc										
#   - R2: dA + DPMTop (unique) + Rd1Sp = dA + DPMTop										
#   - Below, I include each DPM tag 4 times: R1 without indels, R2 without indels, R1 allowing indels (but remove 1 nt from start of tag sequence so that that tag won't "eat" into actual DNA insert), R2 allowing indels										
# - Filter for reads with at least 20 bp genomic DNA remaining after trimming barcodes.										
#										
# Notes										
# - This config assumes that all 96 tags are used in each round. Tags that were not actually used may lead to false positive clusters, although oligos containing these tags would likely end up in unassigned clusters (e.g., none, ambiguous, uncertain).										
# - The edit distances here are appropriate if all 96 tags are used in each round; more flexible edit distances may be allowed if only a subset of tags are used in each round.										
# - The DPM_const tag does not allow indels to prevent the tag from consuming any bases that actually correspond to the subsequent DPM_R2 tag.										
# - Read lengths of 10 x 165 are required to span (assuming no indels) the 5' barcode sequences shown in the structures above. To sequence 20 nt of genomic DNA ("DNA insert") in each read orientation, read lengths should be >= 30 x 185.										
# - For performance reasons, the 3' trimming tags are limited to a maximum 30 nt length and 1 edit distance (Hamming or Levenshtein). Allowing a Hamming distance of 2 already significantly increases runtime and memory usage; allowing partial3 error rate of 3/30 or greater is not practical.										
# Splitcode command: splitcode -c config.tsv --nFastqs=2 --assign --mod-names --mapping=/dev/null --no-outb --output=output_R1.fastq.gz,output_R2.fastq.gz input_R1.fastq.gz input_R2.fastq.gz										
# - optional arguments: --summary=summary.txt										
# - expected read name structure: @read::[DPM#][Y#][O#][E#][O#][E#][O#][DPM#]										
@filter-len 20,20										
group	id	tag	distance	location	minFindsG	previous	exclude	left	partial3	right
# 5' processing										
DPM_R1	DPM1	TGGGTGTTT	1:0:1	0:0:9	1	-	-	1:1	-	-
DPM_R1	DPM2	TGACATGTT	1:0:1	0:0:9	1	-	-	1:1	-	-
DPM_R1	DPM3	GCGCGGTTT	1:0:1	0:0:9	1	-	-	1:1	-	-
DPM_R1	DPM4	CGCCGGGTT	1:0:1	0:0:9	1	-	-	1:1	-	-
DPM_R1	DPM5	CTGTCGTTT	1:0:1	0:0:9	1	-	-	1:1	-	-
DPM_R1	DPM6	GAAGAGGTT	1:0:1	0:0:9	1	-	-	1:1	-	-
DPM_R1	DPM7	AAGAAGTTT	1:0:1	0:0:9	1	-	-	1:1	-	-
DPM_R1	DPM8	TTCAAGGTT	1:0:1	0:0:9	1	-	-	1:1	-	-
DPM_R1	DPM9	TCCCTCTTT	1:0:1	0:0:9	1	-	-	1:1	-	-
DPM_R1	DPM10	TATGCCGTT	1:0:1	0:0:9	1	-	-	1:1	-	-
DPM_R1	DPM11	GTATGATTT	1:0:1	0:0:9	1	-	-	1:1	-	-
DPM_R1	DPM12	ATTATAGTT	1:0:1	0:0:9	1	-	-	1:1	-	-
DPM_R1	DPM13	TCGAGTCTT	1:0:1	0:0:9	1	-	-	1:1	-	-
DPM_R1	DPM14	CCCTTTATT	1:0:1	0:0:9	1	-	-	1:1	-	-
DPM_R1	DPM15	CAGCATCTT	1:0:1	0:0:9	1	-	-	1:1	-	-
DPM_R1	DPM16	AGGTCTATT	1:0:1	0:0:9	1	-	-	1:1	-	-
DPM_R1	DPM17	AGAAGGCTT	1:0:1	0:0:9	1	-	-	1:1	-	-
DPM_R1	DPM18	GGTTTGATT	1:0:1	0:0:9	1	-	-	1:1	-	-
DPM_R1	DPM19	GAACTCCTT	1:0:1	0:0:9	1	-	-	1:1	-	-
DPM_R1	DPM20	CTTCTCATT	1:0:1	0:0:9	1	-	-	1:1	-	-
DPM_R1	DPM21	ACTTGCCTT	1:0:1	0:0:9	1	-	-	1:1	-	-
DPM_R1	DPM22	TGATGCATT	1:0:1	0:0:9	1	-	-	1:1	-	-
DPM_R1	DPM23	AACCCACTT	1:0:1	0:0:9	1	-	-	1:1	-	-
DPM_R1	DPM24	CGAGCAATT	1:0:1	0:0:9	1	-	-	1:1	-	-
DPM_R1	DPM25	GCAGATTGT	1:0:1	0:0:9	1	-	-	1:1	-	-
DPM_R1	DPM26	TTGGTTGGT	1:0:1	0:0:9	1	-	-	1:1	-	-
DPM_R1	DPM27	TGCAATTGT	1:0:1	0:0:9	1	-	-	1:1	-	-
DPM_R1	DPM28	GACGCTGGT	1:0:1	0:0:9	1	-	-	1:1	-	-
DPM_R1	DPM29	TTACAGTGT	1:0:1	0:0:9	1	-	-	1:1	-	-
DPM_R1	DPM30	ACGAATGGT	1:0:1	0:0:9	1	-	-	1:1	-	-
DPM_R1	DPM31	GTCTTCTGT	1:0:1	0:0:9	1	-	-	1:1	-	-
DPM_R1	DPM32	GCATCGGGT	1:0:1	0:0:9	1	-	-	1:1	-	-
DPM_R1	DPM33	AGCGCCTGT	1:0:1	0:0:9	1	-	-	1:1	-	-
DPM_R1	DPM34	TAAAGAGGT	1:0:1	0:0:9	1	-	-	1:1	-	-
DPM_R1	DPM35	CATTTATGT	1:0:1	0:0:9	1	-	-	1:1	-	-
DPM_R1	DPM36	GTGCCAGGT	1:0:1	0:0:9	1	-	-	1:1	-	-
DPM_R1	DPM37	TCTATGCGT	1:0:1	0:0:9	1	-	-	1:1	-	-
DPM_R1	DPM38	ATAAGTAGT	1:0:1	0:0:9	1	-	-	1:1	-	-
DPM_R1	DPM39	GGCCAGCGT	1:0:1	0:0:9	1	-	-	1:1	-	-
DPM_R1	DPM40	CATAATAGT	1:0:1	0:0:9	1	-	-	1:1	-	-
DPM_R1	DPM41	CTGATCCGT	1:0:1	0:0:9	1	-	-	1:1	-	-
DPM_R1	DPM42	GTTGGGAGT	1:0:1	0:0:9	1	-	-	1:1	-	-
DPM_R1	DPM43	TGGCCCCGT	1:0:1	0:0:9	1	-	-	1:1	-	-
DPM_R1	DPM44	TACTCGAGT	1:0:1	0:0:9	1	-	-	1:1	-	-
DPM_R1	DPM45	ACGTTACGT	1:0:1	0:0:9	1	-	-	1:1	-	-
DPM_R1	DPM46	ACGGGCAGT	1:0:1	0:0:9	1	-	-	1:1	-	-
DPM_R1	DPM47	CGCTCACGT	1:0:1	0:0:9	1	-	-	1:1	-	-
DPM_R1	DPM48	GAGTACAGT	1:0:1	0:0:9	1	-	-	1:1	-	-
DPM_R1	DPM49	GGACTTTCT	1:0:1	0:0:9	1	-	-	1:1	-	-
DPM_R1	DPM50	CCTCTTGCT	1:0:1	0:0:9	1	-	-	1:1	-	-
DPM_R1	DPM51	ATCCATTCT	1:0:1	0:0:9	1	-	-	1:1	-	-
DPM_R1	DPM52	ATGTGGGCT	1:0:1	0:0:9	1	-	-	1:1	-	-
DPM_R1	DPM53	CCTAGGTCT	1:0:1	0:0:9	1	-	-	1:1	-	-
DPM_R1	DPM54	TCGCCGGCT	1:0:1	0:0:9	1	-	-	1:1	-	-
DPM_R1	DPM55	TTGAGCTCT	1:0:1	0:0:9	1	-	-	1:1	-	-
DPM_R1	DPM56	CACTAGGCT	1:0:1	0:0:9	1	-	-	1:1	-	-
DPM_R1	DPM57	GACAACTCT	1:0:1	0:0:9	1	-	-	1:1	-	-
DPM_R1	DPM58	TGTATCGCT	1:0:1	0:0:9	1	-	-	1:1	-	-
DPM_R1	DPM59	TGTCGATCT	1:0:1	0:0:9	1	-	-	1:1	-	-
DPM_R1	DPM60	GAGGGAGCT	1:0:1	0:0:9	1	-	-	1:1	-	-
DPM_R1	DPM61	GCCGTGCCT	1:0:1	0:0:9	1	-	-	1:1	-	-
DPM_R1	DPM62	AAGCTTACT	1:0:1	0:0:9	1	-	-	1:1	-	-
DPM_R1	DPM63	AATCTGCCT	1:0:1	0:0:9	1	-	-	1:1	-	-
DPM_R1	DPM64	GCGACTACT	1:0:1	0:0:9	1	-	-	1:1	-	-
DPM_R1	DPM65	CTACCGCCT	1:0:1	0:0:9	1	-	-	1:1	-	-
DPM_R1	DPM66	CCTTCCACT	1:0:1	0:0:9	1	-	-	1:1	-	-
DPM_R1	DPM67	TGTTAGCCT	1:0:1	0:0:9	1	-	-	1:1	-	-
DPM_R1	DPM68	TAACACACT	1:0:1	0:0:9	1	-	-	1:1	-	-
DPM_R1	DPM69	ATAGTCCCT	1:0:1	0:0:9	1	-	-	1:1	-	-
DPM_R1	DPM70	CAAATAACT	1:0:1	0:0:9	1	-	-	1:1	-	-
DPM_R1	DPM71	GGATCCCCT	1:0:1	0:0:9	1	-	-	1:1	-	-
DPM_R1	DPM72	TCCAAAACT	1:0:1	0:0:9	1	-	-	1:1	-	-
DPM_R1	DPM73	AGTGTTTAT	1:0:1	0:0:9	1	-	-	1:1	-	-
DPM_R1	DPM74	GGCATTGAT	1:0:1	0:0:9	1	-	-	1:1	-	-
DPM_R1	DPM75	CCGATTTAT	1:0:1	0:0:9	1	-	-	1:1	-	-
DPM_R1	DPM76	GTACTGGAT	1:0:1	0:0:9	1	-	-	1:1	-	-
DPM_R1	DPM77	TACGGTTAT	1:0:1	0:0:9	1	-	-	1:1	-	-
DPM_R1	DPM78	CCCGCGGAT	1:0:1	0:0:9	1	-	-	1:1	-	-
DPM_R1	DPM79	AAACGCTAT	1:0:1	0:0:9	1	-	-	1:1	-	-
DPM_R1	DPM80	CGATTCGAT	1:0:1	0:0:9	1	-	-	1:1	-	-
DPM_R1	DPM81	ACCAGATAT	1:0:1	0:0:9	1	-	-	1:1	-	-
DPM_R1	DPM82	TTTCGCGAT	1:0:1	0:0:9	1	-	-	1:1	-	-
DPM_R1	DPM83	GAAACATAT	1:0:1	0:0:9	1	-	-	1:1	-	-
DPM_R1	DPM84	AATTAAGAT	1:0:1	0:0:9	1	-	-	1:1	-	-
DPM_R1	DPM85	GACTGGCAT	1:0:1	0:0:9	1	-	-	1:1	-	-
DPM_R1	DPM86	TGCCTGAAT	1:0:1	0:0:9	1	-	-	1:1	-	-
DPM_R1	DPM87	CGGGGGCAT	1:0:1	0:0:9	1	-	-	1:1	-	-
DPM_R1	DPM88	AAAGCGAAT	1:0:1	0:0:9	1	-	-	1:1	-	-
DPM_R1	DPM89	TTTGCGCAT	1:0:1	0:0:9	1	-	-	1:1	-	-
DPM_R1	DPM90	GCTAAGAAT	1:0:1	0:0:9	1	-	-	1:1	-	-
DPM_R1	DPM91	CCCCGCCAT	1:0:1	0:0:9	1	-	-	1:1	-	-
DPM_R1	DPM92	GGGCGCAAT	1:0:1	0:0:9	1	-	-	1:1	-	-
DPM_R1	DPM93	AGTACCCAT	1:0:1	0:0:9	1	-	-	1:1	-	-
DPM_R1	DPM94	TCAACCAAT	1:0:1	0:0:9	1	-	-	1:1	-	-
DPM_R1	DPM95	TCACAACAT	1:0:1	0:0:9	1	-	-	1:1	-	-
DPM_R1	DPM96	ATGAACAAT	1:0:1	0:0:9	1	-	-	1:1	-	-
NYStgBot	Y1	TATTATGGT	0	1:0:12	1	-	-	-	-	-
NYStgBot	Y2	TAGCTACCTT	0	1:0:12	1	-	-	-	-	-
NYStgBot	Y3	ATTGTTCAT	0	1:0:12	1	-	-	-	-	-
NYStgBot	Y4	CCACCGAAT	0	1:0:12	1	-	-	-	-	-
NYStgBot	Y5	CATCAGTTGT	0	1:0:12	1	-	-	-	-	-
NYStgBot	Y6	CCTTGAGAG	0	1:0:12	1	-	-	-	-	-
NYStgBot	Y7	ATCAGGAAGT	0	1:0:12	1	-	-	-	-	-
NYStgBot	Y8	CGAAGTAGC	0	1:0:12	1	-	-	-	-	-
NYStgBot	Y9	TTAACCGACT	0	1:0:12	1	-	-	-	-	-
NYStgBot	Y10	GTTCATACAT	0	1:0:12	1	-	-	-	-	-
NYStgBot	Y11	GACGAAGAA	0	1:0:12	1	-	-	-	-	-
NYStgBot	Y12	TGCCTCTGTG	0	1:0:12	1	-	-	-	-	-
NYStgBot	Y13	GAGATGGAT	0	1:0:12	1	-	-	-	-	-
NYStgBot	Y14	ACCATAGTG	0	1:0:12	1	-	-	-	-	-
NYStgBot	Y15	GTACGAATGG	0	1:0:12	1	-	-	-	-	-
NYStgBot	Y16	AAGGAGACG	0	1:0:12	1	-	-	-	-	-
NYStgBot	Y17	CCATTAACC	0	1:0:12	1	-	-	-	-	-
NYStgBot	Y18	TCTCCTTACG	0	1:0:12	1	-	-	-	-	-
NYStgBot	Y19	ATCTCACCA	0	1:0:12	1	-	-	-	-	-
NYStgBot	Y20	CGTAACTAAG	0	1:0:12	1	-	-	-	-	-
NYStgBot	Y21	AGACTGGCTC	0	1:0:12	1	-	-	-	-	-
NYStgBot	Y22	AATACCACTC	0	1:0:12	1	-	-	-	-	-
NYStgBot	Y23	CTGCATTAT	0	1:0:12	1	-	-	-	-	-
NYStgBot	Y24	TTGTAGCTG	0	1:0:12	1	-	-	-	-	-
NYStgBot	Y25	GCCGTTATC	0	1:0:12	1	-	-	-	-	-
NYStgBot	Y26	GAATACAACC	0	1:0:12	1	-	-	-	-	-
NYStgBot	Y27	AGGAGAATAC	0	1:0:12	1	-	-	-	-	-
NYStgBot	Y28	CATCTAAGAC	0	1:0:12	1	-	-	-	-	-
NYStgBot	Y29	TCAATACAA	0	1:0:12	1	-	-	-	-	-
NYStgBot	Y30	CGATAAGTTA	0	1:0:12	1	-	-	-	-	-
NYStgBot	Y31	TTGACAAGT	0	1:0:12	1	-	-	-	-	-
NYStgBot	Y32	TGTAGTTCTA	0	1:0:12	1	-	-	-	-	-
NYStgBot	Y33	GCCTATCCT	0	1:0:12	1	-	-	-	-	-
NYStgBot	Y34	GGCGGCAATA	0	1:0:12	1	-	-	-	-	-
NYStgBot	Y35	TTACGGCCAA	0	1:0:12	1	-	-	-	-	-
NYStgBot	Y36	GGAATCCTCA	0	1:0:12	1	-	-	-	-	-
NYStgBot	Y37	CTCATGTTAA	0	1:0:12	1	-	-	-	-	-
NYStgBot	Y38	GATTGATTA	0	1:0:12	1	-	-	-	-	-
NYStgBot	Y39	ATATACTGA	0	1:0:12	1	-	-	-	-	-
NYStgBot	Y40	CGCTCCTTC	0	1:0:12	1	-	-	-	-	-
NYStgBot	Y41	AGTACGCGAT	0	1:0:12	1	-	-	-	-	-
NYStgBot	Y42	CACGGATCTG	0	1:0:12	1	-	-	-	-	-
NYStgBot	Y43	TCCTGGTATC	0	1:0:12	1	-	-	-	-	-
NYStgBot	Y44	AGGTCTTCG	0	1:0:12	1	-	-	-	-	-
NYStgBot	Y45	TTCCAAGGCC	0	1:0:12	1	-	-	-	-	-
NYStgBot	Y46	GTAGCATCC	0	1:0:12	1	-	-	-	-	-
NYStgBot	Y47	CCTACGGCC	0	1:0:12	1	-	-	-	-	-
NYStgBot	Y48	TACGCTTGA	0	1:0:12	1	-	-	-	-	-
NYStgBot	Y49	CTTGGCGACCAT	0	1:0:12	1	-	-	-	-	-
NYStgBot	Y50	CTTAAACCGGCA	0	1:0:12	1	-	-	-	-	-
NYStgBot	Y51	CTCTGTTGTTGC	0	1:0:12	1	-	-	-	-	-
NYStgBot	Y52	CTCTGTTGTTTG	0	1:0:12	1	-	-	-	-	-
NYStgBot	Y53	CGTTTCACATAT	0	1:0:12	1	-	-	-	-	-
NYStgBot	Y54	CGCTTCTAAGCA	0	1:0:12	1	-	-	-	-	-
NYStgBot	Y55	CCGACTGCTAGC	0	1:0:12	1	-	-	-	-	-
NYStgBot	Y56	CATCCAGTCATG	0	1:0:12	1	-	-	-	-	-
NYStgBot	Y57	CAGCTCCGAAGT	0	1:0:12	1	-	-	-	-	-
NYStgBot	Y58	CAACAACGTTAA	0	1:0:12	1	-	-	-	-	-
NYStgBot	Y59	CATTAGACTAGC	0	1:0:12	1	-	-	-	-	-
NYStgBot	Y60	CCAGCACTTGCG	0	1:0:12	1	-	-	-	-	-
NYStgBot	Y61	GTGATGTACGTT	0	1:0:12	1	-	-	-	-	-
NYStgBot	Y62	GTAGTCGTCCCA	0	1:0:12	1	-	-	-	-	-
NYStgBot	Y63	GGTCCAACTCGC	0	1:0:12	1	-	-	-	-	-
NYStgBot	Y64	GGCGCCATACAG	0	1:0:12	1	-	-	-	-	-
NYStgBot	Y65	GGAGAGCACCCT	0	1:0:12	1	-	-	-	-	-
NYStgBot	Y66	GCTCTGCAATGA	0	1:0:12	1	-	-	-	-	-
NYStgBot	Y67	GCGAACGTTTCC	0	1:0:12	1	-	-	-	-	-
NYStgBot	Y68	GCATCGAGTCGG	0	1:0:12	1	-	-	-	-	-
NYStgBot	Y69	GATGACGTAGAT	0	1:0:12	1	-	-	-	-	-
NYStgBot	Y70	GAGCAGAACATA	0	1:0:12	1	-	-	-	-	-
NYStgBot	Y71	GACACCCCGTGC	0	1:0:12	1	-	-	-	-	-
NYStgBot	Y72	GTTGTTCGACCG	0	1:0:12	1	-	-	-	-	-
NYStgBot	Y73	TTTATATGTGT	0	1:0:12	1	-	-	-	-	-
NYStgBot	Y74	TTGACATCACA	0	1:0:12	1	-	-	-	-	-
NYStgBot	Y75	TTATCCCCCAC	0	1:0:12	1	-	-	-	-	-
NYStgBot	Y76	TGTGACCAGTG	0	1:0:12	1	-	-	-	-	-
NYStgBot	Y77	TGGATGCTCCT	0	1:0:12	1	-	-	-	-	-
NYStgBot	Y78	TGAGTAATTAA	0	1:0:12	1	-	-	-	-	-
NYStgBot	Y79	TCTCATATTGG	0	1:0:12	1	-	-	-	-	-
NYStgBot	Y80	TCGAACATATG	0	1:0:12	1	-	-	-	-	-
NYStgBot	Y81	TCATACTACAT	0	1:0:12	1	-	-	-	-	-
NYStgBot	Y82	TATCGACGTCA	0	1:0:12	1	-	-	-	-	-
NYStgBot	Y83	TAGACCAGGGC	0	1:0:12	1	-	-	-	-	-
NYStgBot	Y84	TAATGTGGATG	0	1:0:12	1	-	-	-	-	-
NYStgBot	Y85	ATTAGTATGTT	0	1:0:12	1	-	-	-	-	-
NYStgBot	Y86	ATCCTATCCAA	0	1:0:12	1	-	-	-	-	-
NYStgBot	Y87	ATTACACGCCC	0	1:0:12	1	-	-	-	-	-
NYStgBot	Y88	AGTTGAAATAG	0	1:0:12	1	-	-	-	-	-
NYStgBot	Y89	AGGCCCTTTGT	0	1:0:12	1	-	-	-	-	-
NYStgBot	Y90	AGATGAGCGTA	0	1:0:12	1	-	-	-	-	-
NYStgBot	Y91	ACTCTTCTTCC	0	1:0:12	1	-	-	-	-	-
NYStgBot	Y92	ACCATTATTGG	0	1:0:12	1	-	-	-	-	-
NYStgBot	Y93	ACAGACTCAGT	0	1:0:12	1	-	-	-	-	-
NYStgBot	Y94	AATTGTCTGTA	0	1:0:12	1	-	-	-	-	-
NYStgBot	Y95	AAGGCCTCACC	0	1:0:12	1	-	-	-	-	-
NYStgBot	Y96	AACGAACAGAG	0	1:0:12	1	-	-	-	-	-
OddBot3	O1	CTTCGTGGAATCTAGCT	1:1:1	1:9:0	1	{{NYStgBot}}4-10	-	-	-	-
OddBot3	O2	TCCTGTGCGTTAGAGTT	1:1:1	1:9:0	1	{{NYStgBot}}4-10	-	-	-	-
OddBot3	O3	CACTAGAGGTGTCCGTT	1:1:1	1:9:0	1	{{NYStgBot}}4-10	-	-	-	-
OddBot3	O4	ATACTCGGTTAGTCCTT	1:1:1	1:9:0	1	{{NYStgBot}}4-10	-	-	-	-
OddBot3	O5	ATCGTTCTCATTCTGTT	1:1:1	1:9:0	1	{{NYStgBot}}4-10	-	-	-	-
OddBot3	O6	AACGCCGATAAGGACTT	1:1:1	1:9:0	1	{{NYStgBot}}4-10	-	-	-	-
OddBot3	O7	GCTGGAAGCCTCTAGCT	1:1:1	1:9:0	1	{{NYStgBot}}4-10	-	-	-	-
OddBot3	O8	TCGTGAGGATCAACGCT	1:1:1	1:9:0	1	{{NYStgBot}}4-10	-	-	-	-
OddBot3	O9	TGATACCGTAGCAGATT	1:1:1	1:9:0	1	{{NYStgBot}}4-10	-	-	-	-
OddBot3	O10	TTCTAACACACAGCCTT	1:1:1	1:9:0	1	{{NYStgBot}}4-10	-	-	-	-
OddBot3	O11	TAGTGGCACTTCACCTT	1:1:1	1:9:0	1	{{NYStgBot}}4-10	-	-	-	-
OddBot3	O12	CGAAGTGGTTCGGTCTT	1:1:1	1:9:0	1	{{NYStgBot}}4-10	-	-	-	-
OddBot3	O13	GCCTACAGAAGTATCTT	1:1:1	1:9:0	1	{{NYStgBot}}4-10	-	-	-	-
OddBot3	O14	GTCGGCAACAGACCATT	1:1:1	1:9:0	1	{{NYStgBot}}4-10	-	-	-	-
OddBot3	O15	CGTGCTATAATCTTGTT	1:1:1	1:9:0	1	{{NYStgBot}}4-10	-	-	-	-
OddBot3	O16	AGTAGAACGCTAGGTTT	1:1:1	1:9:0	1	{{NYStgBot}}4-10	-	-	-	-
OddBot3	O17	CATCATACCACGCCGCT	1:1:1	1:9:0	1	{{NYStgBot}}4-10	-	-	-	-
OddBot3	O18	ATCCTGGACAGTGAGCT	1:1:1	1:9:0	1	{{NYStgBot}}4-10	-	-	-	-
OddBot3	O19	CGTTCTCCTTAGAGATT	1:1:1	1:9:0	1	{{NYStgBot}}4-10	-	-	-	-
OddBot3	O20	ACGTTCCATGCTATCTT	1:1:1	1:9:0	1	{{NYStgBot}}4-10	-	-	-	-
OddBot3	O21	GGATAGCACCGTTCATT	1:1:1	1:9:0	1	{{NYStgBot}}4-10	-	-	-	-
OddBot3	O22	GACCAAGCACCAGACTT	1:1:1	1:9:0	1	{{NYStgBot}}4-10	-	-	-	-
OddBot3	O23	ACCTTCCTATGCTACTT	1:1:1	1:9:0	1	{{NYStgBot}}4-10	-	-	-	-
OddBot3	O24	CTAACGCTGTGAAGGCT	1:1:1	1:9:0	1	{{NYStgBot}}4-10	-	-	-	-
OddBot3	O25	GGTATTACTCATAGGCT	1:1:1	1:9:0	1	{{NYStgBot}}4-10	-	-	-	-
OddBot3	O26	GCGGTCACGCCTGAGCT	1:1:1	1:9:0	1	{{NYStgBot}}4-10	-	-	-	-
OddBot3	O27	TTCGAGTGGAGCAATTT	1:1:1	1:9:0	1	{{NYStgBot}}4-10	-	-	-	-
OddBot3	O28	TCCGCCTAGTGAGGCTT	1:1:1	1:9:0	1	{{NYStgBot}}4-10	-	-	-	-
OddBot3	O29	ATGATGTGATAAGGCTT	1:1:1	1:9:0	1	{{NYStgBot}}4-10	-	-	-	-
OddBot3	O30	CTTCTTGTCTTGGAGCT	1:1:1	1:9:0	1	{{NYStgBot}}4-10	-	-	-	-
OddBot3	O31	CTCAAGGTGTCCGAGTT	1:1:1	1:9:0	1	{{NYStgBot}}4-10	-	-	-	-
OddBot3	O32	GTCTCTTGCATCACGCT	1:1:1	1:9:0	1	{{NYStgBot}}4-10	-	-	-	-
OddBot3	O33	ATGAGTGCCGCAGACTT	1:1:1	1:9:0	1	{{NYStgBot}}4-10	-	-	-	-
OddBot3	O34	CCTATTGCATCTTCATT	1:1:1	1:9:0	1	{{NYStgBot}}4-10	-	-	-	-
OddBot3	O35	ATCGAGGATAGCCTGTT	1:1:1	1:9:0	1	{{NYStgBot}}4-10	-	-	-	-
OddBot3	O36	CTCCGAGATGATGTGTT	1:1:1	1:9:0	1	{{NYStgBot}}4-10	-	-	-	-
OddBot3	O37	AGACAAGCCACCTTATT	1:1:1	1:9:0	1	{{NYStgBot}}4-10	-	-	-	-
OddBot3	O38	CGCCGTGCCTCTAACTT	1:1:1	1:9:0	1	{{NYStgBot}}4-10	-	-	-	-
OddBot3	O39	TGGTTGCTTGCATTGTT	1:1:1	1:9:0	1	{{NYStgBot}}4-10	-	-	-	-
OddBot3	O40	CAGCAACGTCCTATTGT	1:1:1	1:9:0	1	{{NYStgBot}}4-10	-	-	-	-
OddBot3	O41	TGGTTGCAGCCTCCGCT	1:1:1	1:9:0	1	{{NYStgBot}}4-10	-	-	-	-
OddBot3	O42	CGTTCATTACGTCAGTT	1:1:1	1:9:0	1	{{NYStgBot}}4-10	-	-	-	-
OddBot3	O43	ATATGAATATGTGGCTT	1:1:1	1:9:0	1	{{NYStgBot}}4-10	-	-	-	-
OddBot3	O44	GTCACTCGGTGCGACTT	1:1:1	1:9:0	1	{{NYStgBot}}4-10	-	-	-	-
OddBot3	O45	GCCTAGTAGAAGACGTT	1:1:1	1:9:0	1	{{NYStgBot}}4-10	-	-	-	-
OddBot3	O46	GTGCTAACCTACACATT	1:1:1	1:9:0	1	{{NYStgBot}}4-10	-	-	-	-
OddBot3	O47	ACTCAGGAAGGCTGATT	1:1:1	1:9:0	1	{{NYStgBot}}4-10	-	-	-	-
OddBot3	O48	CGCTGACATAAGACCTT	1:1:1	1:9:0	1	{{NYStgBot}}4-10	-	-	-	-
OddBot3	O49	GCCTCTAACTAAGGATT	1:1:1	1:9:0	1	{{NYStgBot}}4-10	-	-	-	-
OddBot3	O50	TATCAATCGCAGCGGTT	1:1:1	1:9:0	1	{{NYStgBot}}4-10	-	-	-	-
OddBot3	O51	CGCCATGCAGTTACGCT	1:1:1	1:9:0	1	{{NYStgBot}}4-10	-	-	-	-
OddBot3	O52	GTGCCTACGACGTAGCT	1:1:1	1:9:0	1	{{NYStgBot}}4-10	-	-	-	-
OddBot3	O53	TACAATCACCGTGTATT	1:1:1	1:9:0	1	{{NYStgBot}}4-10	-	-	-	-
OddBot3	O54	TGCTCTTCATAAGCCTT	1:1:1	1:9:0	1	{{NYStgBot}}4-10	-	-	-	-
OddBot3	O55	TGAATATAGGCACTTGT	1:1:1	1:9:0	1	{{NYStgBot}}4-10	-	-	-	-
OddBot3	O56	ATATCTGTGAGCCGATT	1:1:1	1:9:0	1	{{NYStgBot}}4-10	-	-	-	-
OddBot3	O57	TAATTGAATACACCGTT	1:1:1	1:9:0	1	{{NYStgBot}}4-10	-	-	-	-
OddBot3	O58	CATATCTCGAATAGGCT	1:1:1	1:9:0	1	{{NYStgBot}}4-10	-	-	-	-
OddBot3	O59	TGGCAACGGCTCATGTT	1:1:1	1:9:0	1	{{NYStgBot}}4-10	-	-	-	-
OddBot3	O60	TGAGAGGATGAATGCTT	1:1:1	1:9:0	1	{{NYStgBot}}4-10	-	-	-	-
OddBot3	O61	GGTGTCAAGCACCGCTT	1:1:1	1:9:0	1	{{NYStgBot}}4-10	-	-	-	-
OddBot3	O62	ACTAGGTCGAATGCCTT	1:1:1	1:9:0	1	{{NYStgBot}}4-10	-	-	-	-
OddBot3	O63	TAGTTCGTCACCGTGTT	1:1:1	1:9:0	1	{{NYStgBot}}4-10	-	-	-	-
OddBot3	O64	CGTCACACGTTGAACTT	1:1:1	1:9:0	1	{{NYStgBot}}4-10	-	-	-	-
OddBot3	O65	CATACTCTGGTGCCATT	1:1:1	1:9:0	1	{{NYStgBot}}4-10	-	-	-	-
OddBot3	O66	GGTCACCAAGAGACGCT	1:1:1	1:9:0	1	{{NYStgBot}}4-10	-	-	-	-
OddBot3	O67	GCCTTCCGCCTCGTATT	1:1:1	1:9:0	1	{{NYStgBot}}4-10	-	-	-	-
OddBot3	O68	TAGACAGACGGTCTATT	1:1:1	1:9:0	1	{{NYStgBot}}4-10	-	-	-	-
OddBot3	O69	TGCCATTCCACTTAGCT	1:1:1	1:9:0	1	{{NYStgBot}}4-10	-	-	-	-
OddBot3	O70	GACGAACTCCATGCGTT	1:1:1	1:9:0	1	{{NYStgBot}}4-10	-	-	-	-
OddBot3	O71	CGGCAAGACTGCCTATT	1:1:1	1:9:0	1	{{NYStgBot}}4-10	-	-	-	-
OddBot3	O72	CAGACTCAATTAGGCTT	1:1:1	1:9:0	1	{{NYStgBot}}4-10	-	-	-	-
OddBot3	O73	CACCGCAATATAATTGT	1:1:1	1:9:0	1	{{NYStgBot}}4-10	-	-	-	-
OddBot3	O74	AATCAATGAACGAGGCT	1:1:1	1:9:0	1	{{NYStgBot}}4-10	-	-	-	-
OddBot3	O75	AGCGTCATCGGACTCTT	1:1:1	1:9:0	1	{{NYStgBot}}4-10	-	-	-	-
OddBot3	O76	AAGGACGCAGTGAGATT	1:1:1	1:9:0	1	{{NYStgBot}}4-10	-	-	-	-
OddBot3	O77	GTTGAACACTTCCGTTT	1:1:1	1:9:0	1	{{NYStgBot}}4-10	-	-	-	-
OddBot3	O78	TTGTGTAGGAGCAAGTT	1:1:1	1:9:0	1	{{NYStgBot}}4-10	-	-	-	-
OddBot3	O79	ATTGCTTAACGGATTGT	1:1:1	1:9:0	1	{{NYStgBot}}4-10	-	-	-	-
OddBot3	O80	GTATCGCACTCATTGTT	1:1:1	1:9:0	1	{{NYStgBot}}4-10	-	-	-	-
OddBot3	O81	CCTCCAGTGTCGTCGCT	1:1:1	1:9:0	1	{{NYStgBot}}4-10	-	-	-	-
OddBot3	O82	GTCCGATGGACGCCGTT	1:1:1	1:9:0	1	{{NYStgBot}}4-10	-	-	-	-
OddBot3	O83	TAACGCAGGATACTATT	1:1:1	1:9:0	1	{{NYStgBot}}4-10	-	-	-	-
OddBot3	O84	TCGTGTCATCGCTAGTT	1:1:1	1:9:0	1	{{NYStgBot}}4-10	-	-	-	-
OddBot3	O85	GCTGTGTCTGTCACCTT	1:1:1	1:9:0	1	{{NYStgBot}}4-10	-	-	-	-
OddBot3	O86	TTGGCTAGGTTGTGTGT	1:1:1	1:9:0	1	{{NYStgBot}}4-10	-	-	-	-
OddBot3	O87	TCGGTTCGTTAGGCGTT	1:1:1	1:9:0	1	{{NYStgBot}}4-10	-	-	-	-
OddBot3	O88	TATACGGCACCTACTTT	1:1:1	1:9:0	1	{{NYStgBot}}4-10	-	-	-	-
OddBot3	O89	TCACACGTCGAGCGATT	1:1:1	1:9:0	1	{{NYStgBot}}4-10	-	-	-	-
OddBot3	O90	TCTCAATCTGGATCGCT	1:1:1	1:9:0	1	{{NYStgBot}}4-10	-	-	-	-
OddBot3	O91	CTTCCAACACACGGATT	1:1:1	1:9:0	1	{{NYStgBot}}4-10	-	-	-	-
OddBot3	O92	CCTACATCTGTCGAGTT	1:1:1	1:9:0	1	{{NYStgBot}}4-10	-	-	-	-
OddBot3	O93	GGAGTGCGTGTTAGCTT	1:1:1	1:9:0	1	{{NYStgBot}}4-10	-	-	-	-
OddBot3	O94	CAACGAGGTCAGTCGCT	1:1:1	1:9:0	1	{{NYStgBot}}4-10	-	-	-	-
OddBot3	O95	GCTCTTGGAGGTATCTT	1:1:1	1:9:0	1	{{NYStgBot}}4-10	-	-	-	-
OddBot3	O96	AGAAGCCTCGGATTGTT	1:1:1	1:9:0	1	{{NYStgBot}}4-10	-	-	-	-
EvenBot2	E1	GATACTGCGGCTGACGT	1:1:1	1:9:0	1	{{OddBot3}}4-10	-	-	-	-
EvenBot2	E2	TGTAGGTTCTGGAATCT	1:1:1	1:9:0	1	{{OddBot3}}4-10	-	-	-	-
EvenBot2	E3	GTGCCGTGACTCCATCT	1:1:1	1:9:0	1	{{OddBot3}}4-10	-	-	-	-
EvenBot2	E4	CGTAGTCCAGGTCGTCT	1:1:1	1:9:0	1	{{OddBot3}}4-10	-	-	-	-
EvenBot2	E5	AGAAGATCGCAATTAGT	1:1:1	1:9:0	1	{{OddBot3}}4-10	-	-	-	-
EvenBot2	E6	TTCAAGCCTTGCGGAGT	1:1:1	1:9:0	1	{{OddBot3}}4-10	-	-	-	-
EvenBot2	E7	ATGGACCTCTAATTGCT	1:1:1	1:9:0	1	{{OddBot3}}4-10	-	-	-	-
EvenBot2	E8	TGTTGCGTAGTGATGCT	1:1:1	1:9:0	1	{{OddBot3}}4-10	-	-	-	-
EvenBot2	E9	CGCATGGATACCAGCGT	1:1:1	1:9:0	1	{{OddBot3}}4-10	-	-	-	-
EvenBot2	E10	CGATGACCTGTCCATGT	1:1:1	1:9:0	1	{{OddBot3}}4-10	-	-	-	-
EvenBot2	E11	GCACACCATCGTATTCT	1:1:1	1:9:0	1	{{OddBot3}}4-10	-	-	-	-
EvenBot2	E12	GCTACTTCCGAATCAGT	1:1:1	1:9:0	1	{{OddBot3}}4-10	-	-	-	-
EvenBot2	E13	CGTGACATTAAGGTTGT	1:1:1	1:9:0	1	{{OddBot3}}4-10	-	-	-	-
EvenBot2	E14	TCAAGCTAGACGGTTCT	1:1:1	1:9:0	1	{{OddBot3}}4-10	-	-	-	-
EvenBot2	E15	TAGAAGTGCTCCAGGTT	1:1:1	1:9:0	1	{{OddBot3}}4-10	-	-	-	-
EvenBot2	E16	TGCATAGGACAGGCAGT	1:1:1	1:9:0	1	{{OddBot3}}4-10	-	-	-	-
EvenBot2	E17	ACGCTCCTAGATGTTCT	1:1:1	1:9:0	1	{{OddBot3}}4-10	-	-	-	-
EvenBot2	E18	GTTATTGCCACCAGTGT	1:1:1	1:9:0	1	{{OddBot3}}4-10	-	-	-	-
EvenBot2	E19	GGCGGATTCTCAGTGGT	1:1:1	1:9:0	1	{{OddBot3}}4-10	-	-	-	-
EvenBot2	E20	GGCACGAGATCCTTGCT	1:1:1	1:9:0	1	{{OddBot3}}4-10	-	-	-	-
EvenBot2	E21	TTCGTGTGAGTCTCGTT	1:1:1	1:9:0	1	{{OddBot3}}4-10	-	-	-	-
EvenBot2	E22	TGGCTCTGAACCTATCT	1:1:1	1:9:0	1	{{OddBot3}}4-10	-	-	-	-
EvenBot2	E23	AATGCTTCACACGGTGT	1:1:1	1:9:0	1	{{OddBot3}}4-10	-	-	-	-
EvenBot2	E24	CGCACACGATCATCTGT	1:1:1	1:9:0	1	{{OddBot3}}4-10	-	-	-	-
EvenBot2	E25	ACCTCACGTCTAGGCGT	1:1:1	1:9:0	1	{{OddBot3}}4-10	-	-	-	-
EvenBot2	E26	AAGTCCTGCCACTACGT	1:1:1	1:9:0	1	{{OddBot3}}4-10	-	-	-	-
EvenBot2	E27	GGCTGAGCTGGTCTAGT	1:1:1	1:9:0	1	{{OddBot3}}4-10	-	-	-	-
EvenBot2	E28	AACTCAAGCACCTCTCT	1:1:1	1:9:0	1	{{OddBot3}}4-10	-	-	-	-
EvenBot2	E29	CGACTACTGCTCACCGT	1:1:1	1:9:0	1	{{OddBot3}}4-10	-	-	-	-
EvenBot2	E30	GCCAGTTAGCAAGACGT	1:1:1	1:9:0	1	{{OddBot3}}4-10	-	-	-	-
EvenBot2	E31	TGTTGCTGTGTGGATCT	1:1:1	1:9:0	1	{{OddBot3}}4-10	-	-	-	-
EvenBot2	E32	GTCAATGGACGGATGCT	1:1:1	1:9:0	1	{{OddBot3}}4-10	-	-	-	-
EvenBot2	E33	CATTCTCTGCCGAGAGT	1:1:1	1:9:0	1	{{OddBot3}}4-10	-	-	-	-
EvenBot2	E34	GCACAGTCCTCCATGCT	1:1:1	1:9:0	1	{{OddBot3}}4-10	-	-	-	-
EvenBot2	E35	ATGTCCGCCTGCATGGT	1:1:1	1:9:0	1	{{OddBot3}}4-10	-	-	-	-
EvenBot2	E36	ACTGGTGTCACGTCTCT	1:1:1	1:9:0	1	{{OddBot3}}4-10	-	-	-	-
EvenBot2	E37	TGATTACGTTCCACGGT	1:1:1	1:9:0	1	{{OddBot3}}4-10	-	-	-	-
EvenBot2	E38	ACCAACAAGATAGTGCT	1:1:1	1:9:0	1	{{OddBot3}}4-10	-	-	-	-
EvenBot2	E39	CGATTAGTGCGAGAGGT	1:1:1	1:9:0	1	{{OddBot3}}4-10	-	-	-	-
EvenBot2	E40	GGTATCGTATAGGTCGT	1:1:1	1:9:0	1	{{OddBot3}}4-10	-	-	-	-
EvenBot2	E41	ATAGATTGTTGCGTGCT	1:1:1	1:9:0	1	{{OddBot3}}4-10	-	-	-	-
EvenBot2	E42	TTGCTCGTTGGTCCAGT	1:1:1	1:9:0	1	{{OddBot3}}4-10	-	-	-	-
EvenBot2	E43	AACCGCAGAGAGGTAGT	1:1:1	1:9:0	1	{{OddBot3}}4-10	-	-	-	-
EvenBot2	E44	GTCCGTTGCTATAATCT	1:1:1	1:9:0	1	{{OddBot3}}4-10	-	-	-	-
EvenBot2	E45	GGTTGTTCGTGTGTCGT	1:1:1	1:9:0	1	{{OddBot3}}4-10	-	-	-	-
EvenBot2	E46	GTTGATAAGCCGACGGT	1:1:1	1:9:0	1	{{OddBot3}}4-10	-	-	-	-
EvenBot2	E47	TGGAACACTCTACTGCT	1:1:1	1:9:0	1	{{OddBot3}}4-10	-	-	-	-
EvenBot2	E48	GACTGTTCGACACGTCT	1:1:1	1:9:0	1	{{OddBot3}}4-10	-	-	-	-
EvenBot2	E49	ACTAGGTGGCGGTCTGT	1:1:1	1:9:0	1	{{OddBot3}}4-10	-	-	-	-
EvenBot2	E50	GAATCACGAGTTCGTCT	1:1:1	1:9:0	1	{{OddBot3}}4-10	-	-	-	-
EvenBot2	E51	TCCTTCGTTAAGGCTGT	1:1:1	1:9:0	1	{{OddBot3}}4-10	-	-	-	-
EvenBot2	E52	CGACGACTGACTAGGTT	1:1:1	1:9:0	1	{{OddBot3}}4-10	-	-	-	-
EvenBot2	E53	CTCTACACCGCTGAAGT	1:1:1	1:9:0	1	{{OddBot3}}4-10	-	-	-	-
EvenBot2	E54	ACCTGCTTCCGTGATGT	1:1:1	1:9:0	1	{{OddBot3}}4-10	-	-	-	-
EvenBot2	E55	GCATCGACTCACCTTCT	1:1:1	1:9:0	1	{{OddBot3}}4-10	-	-	-	-
EvenBot2	E56	CTGATTCCTGAGTCCGT	1:1:1	1:9:0	1	{{OddBot3}}4-10	-	-	-	-
EvenBot2	E57	AGTCCAGGCATTCGTCT	1:1:1	1:9:0	1	{{OddBot3}}4-10	-	-	-	-
EvenBot2	E58	GAGCGTGCAGTGGAAGT	1:1:1	1:9:0	1	{{OddBot3}}4-10	-	-	-	-
EvenBot2	E59	CTATCCTGTCAACGGCT	1:1:1	1:9:0	1	{{OddBot3}}4-10	-	-	-	-
EvenBot2	E60	ACCACGGAGCCTTCTCT	1:1:1	1:9:0	1	{{OddBot3}}4-10	-	-	-	-
EvenBot2	E61	ATATCAATGATGGTGCT	1:1:1	1:9:0	1	{{OddBot3}}4-10	-	-	-	-
EvenBot2	E62	GTAACCATATTGCCGTT	1:1:1	1:9:0	1	{{OddBot3}}4-10	-	-	-	-
EvenBot2	E63	TCGGAGGATCTAGTGGT	1:1:1	1:9:0	1	{{OddBot3}}4-10	-	-	-	-
EvenBot2	E64	GTCGCACCACAACCATT	1:1:1	1:9:0	1	{{OddBot3}}4-10	-	-	-	-
EvenBot2	E65	TTCCGTGGCTTACTGGT	1:1:1	1:9:0	1	{{OddBot3}}4-10	-	-	-	-
EvenBot2	E66	CCACGTTCAACTGGCGT	1:1:1	1:9:0	1	{{OddBot3}}4-10	-	-	-	-
EvenBot2	E67	GGAACACGCACATGGCT	1:1:1	1:9:0	1	{{OddBot3}}4-10	-	-	-	-
EvenBot2	E68	ACTAGCACCTCGTAATT	1:1:1	1:9:0	1	{{OddBot3}}4-10	-	-	-	-
EvenBot2	E69	TACAACGGTGCGACTGT	1:1:1	1:9:0	1	{{OddBot3}}4-10	-	-	-	-
EvenBot2	E70	TGAGCTGGACAGGTGGT	1:1:1	1:9:0	1	{{OddBot3}}4-10	-	-	-	-
EvenBot2	E71	AGCTTGCCGTAGCGTGT	1:1:1	1:9:0	1	{{OddBot3}}4-10	-	-	-	-
EvenBot2	E72	CCTGTTACGTCCGCTGT	1:1:1	1:9:0	1	{{OddBot3}}4-10	-	-	-	-
EvenBot2	E73	GATTCCTCTGCGATGCT	1:1:1	1:9:0	1	{{OddBot3}}4-10	-	-	-	-
EvenBot2	E74	AGAGGATTGGAGAATCT	1:1:1	1:9:0	1	{{OddBot3}}4-10	-	-	-	-
EvenBot2	E75	GGCTTCATTAACTAGGT	1:1:1	1:9:0	1	{{OddBot3}}4-10	-	-	-	-
EvenBot2	E76	TGGTCGCATGATAAGGT	1:1:1	1:9:0	1	{{OddBot3}}4-10	-	-	-	-
EvenBot2	E77	CGTGAAGTGACTGAGGT	1:1:1	1:9:0	1	{{OddBot3}}4-10	-	-	-	-
EvenBot2	E78	CGCTGGAACTCATAAGT	1:1:1	1:9:0	1	{{OddBot3}}4-10	-	-	-	-
EvenBot2	E79	GCCAGCAATCCTACAGT	1:1:1	1:9:0	1	{{OddBot3}}4-10	-	-	-	-
EvenBot2	E80	GCGTATACCGAGTTGGT	1:1:1	1:9:0	1	{{OddBot3}}4-10	-	-	-	-
EvenBot2	E81	CCGTATCGAGGTGCCGT	1:1:1	1:9:0	1	{{OddBot3}}4-10	-	-	-	-
EvenBot2	E82	TCCGCACTCTGATAATT	1:1:1	1:9:0	1	{{OddBot3}}4-10	-	-	-	-
EvenBot2	E83	TGTCGATATTGATCCGT	1:1:1	1:9:0	1	{{OddBot3}}4-10	-	-	-	-
EvenBot2	E84	GACGCTGTGGCGATTCT	1:1:1	1:9:0	1	{{OddBot3}}4-10	-	-	-	-
EvenBot2	E85	GGTAGCTTACGTCATCT	1:1:1	1:9:0	1	{{OddBot3}}4-10	-	-	-	-
EvenBot2	E86	CAATGCGTGTGTTCGGT	1:1:1	1:9:0	1	{{OddBot3}}4-10	-	-	-	-
EvenBot2	E87	GACGCTCTATACACCGT	1:1:1	1:9:0	1	{{OddBot3}}4-10	-	-	-	-
EvenBot2	E88	ACGCTTGGCTAATAGGT	1:1:1	1:9:0	1	{{OddBot3}}4-10	-	-	-	-
EvenBot2	E89	ACCGACATCCGCTGTGT	1:1:1	1:9:0	1	{{OddBot3}}4-10	-	-	-	-
EvenBot2	E90	GAGTCTTCGGATACCGT	1:1:1	1:9:0	1	{{OddBot3}}4-10	-	-	-	-
EvenBot2	E91	AACGCTTATGGCAGTGT	1:1:1	1:9:0	1	{{OddBot3}}4-10	-	-	-	-
EvenBot2	E92	TGGTTGATTCAAGAATT	1:1:1	1:9:0	1	{{OddBot3}}4-10	-	-	-	-
EvenBot2	E93	GGTCCTGTCTAGTCCGT	1:1:1	1:9:0	1	{{OddBot3}}4-10	-	-	-	-
EvenBot2	E94	CGCCTATTGTACTGCGT	1:1:1	1:9:0	1	{{OddBot3}}4-10	-	-	-	-
EvenBot2	E95	GAAGCGGAAGGTATAGT	1:1:1	1:9:0	1	{{OddBot3}}4-10	-	-	-	-
EvenBot2	E96	CGCTCCAGTCGTAATCT	1:1:1	1:9:0	1	{{OddBot3}}4-10	-	-	-	-
OddBot2	O1	CTTCGTGGAATCTAGCT	1:1:1	1:9:0	1	{{EvenBot2}}4-10	-	-	-	-
OddBot2	O2	TCCTGTGCGTTAGAGTT	1:1:1	1:9:0	1	{{EvenBot2}}4-10	-	-	-	-
OddBot2	O3	CACTAGAGGTGTCCGTT	1:1:1	1:9:0	1	{{EvenBot2}}4-10	-	-	-	-
OddBot2	O4	ATACTCGGTTAGTCCTT	1:1:1	1:9:0	1	{{EvenBot2}}4-10	-	-	-	-
OddBot2	O5	ATCGTTCTCATTCTGTT	1:1:1	1:9:0	1	{{EvenBot2}}4-10	-	-	-	-
OddBot2	O6	AACGCCGATAAGGACTT	1:1:1	1:9:0	1	{{EvenBot2}}4-10	-	-	-	-
OddBot2	O7	GCTGGAAGCCTCTAGCT	1:1:1	1:9:0	1	{{EvenBot2}}4-10	-	-	-	-
OddBot2	O8	TCGTGAGGATCAACGCT	1:1:1	1:9:0	1	{{EvenBot2}}4-10	-	-	-	-
OddBot2	O9	TGATACCGTAGCAGATT	1:1:1	1:9:0	1	{{EvenBot2}}4-10	-	-	-	-
OddBot2	O10	TTCTAACACACAGCCTT	1:1:1	1:9:0	1	{{EvenBot2}}4-10	-	-	-	-
OddBot2	O11	TAGTGGCACTTCACCTT	1:1:1	1:9:0	1	{{EvenBot2}}4-10	-	-	-	-
OddBot2	O12	CGAAGTGGTTCGGTCTT	1:1:1	1:9:0	1	{{EvenBot2}}4-10	-	-	-	-
OddBot2	O13	GCCTACAGAAGTATCTT	1:1:1	1:9:0	1	{{EvenBot2}}4-10	-	-	-	-
OddBot2	O14	GTCGGCAACAGACCATT	1:1:1	1:9:0	1	{{EvenBot2}}4-10	-	-	-	-
OddBot2	O15	CGTGCTATAATCTTGTT	1:1:1	1:9:0	1	{{EvenBot2}}4-10	-	-	-	-
OddBot2	O16	AGTAGAACGCTAGGTTT	1:1:1	1:9:0	1	{{EvenBot2}}4-10	-	-	-	-
OddBot2	O17	CATCATACCACGCCGCT	1:1:1	1:9:0	1	{{EvenBot2}}4-10	-	-	-	-
OddBot2	O18	ATCCTGGACAGTGAGCT	1:1:1	1:9:0	1	{{EvenBot2}}4-10	-	-	-	-
OddBot2	O19	CGTTCTCCTTAGAGATT	1:1:1	1:9:0	1	{{EvenBot2}}4-10	-	-	-	-
OddBot2	O20	ACGTTCCATGCTATCTT	1:1:1	1:9:0	1	{{EvenBot2}}4-10	-	-	-	-
OddBot2	O21	GGATAGCACCGTTCATT	1:1:1	1:9:0	1	{{EvenBot2}}4-10	-	-	-	-
OddBot2	O22	GACCAAGCACCAGACTT	1:1:1	1:9:0	1	{{EvenBot2}}4-10	-	-	-	-
OddBot2	O23	ACCTTCCTATGCTACTT	1:1:1	1:9:0	1	{{EvenBot2}}4-10	-	-	-	-
OddBot2	O24	CTAACGCTGTGAAGGCT	1:1:1	1:9:0	1	{{EvenBot2}}4-10	-	-	-	-
OddBot2	O25	GGTATTACTCATAGGCT	1:1:1	1:9:0	1	{{EvenBot2}}4-10	-	-	-	-
OddBot2	O26	GCGGTCACGCCTGAGCT	1:1:1	1:9:0	1	{{EvenBot2}}4-10	-	-	-	-
OddBot2	O27	TTCGAGTGGAGCAATTT	1:1:1	1:9:0	1	{{EvenBot2}}4-10	-	-	-	-
OddBot2	O28	TCCGCCTAGTGAGGCTT	1:1:1	1:9:0	1	{{EvenBot2}}4-10	-	-	-	-
OddBot2	O29	ATGATGTGATAAGGCTT	1:1:1	1:9:0	1	{{EvenBot2}}4-10	-	-	-	-
OddBot2	O30	CTTCTTGTCTTGGAGCT	1:1:1	1:9:0	1	{{EvenBot2}}4-10	-	-	-	-
OddBot2	O31	CTCAAGGTGTCCGAGTT	1:1:1	1:9:0	1	{{EvenBot2}}4-10	-	-	-	-
OddBot2	O32	GTCTCTTGCATCACGCT	1:1:1	1:9:0	1	{{EvenBot2}}4-10	-	-	-	-
OddBot2	O33	ATGAGTGCCGCAGACTT	1:1:1	1:9:0	1	{{EvenBot2}}4-10	-	-	-	-
OddBot2	O34	CCTATTGCATCTTCATT	1:1:1	1:9:0	1	{{EvenBot2}}4-10	-	-	-	-
OddBot2	O35	ATCGAGGATAGCCTGTT	1:1:1	1:9:0	1	{{EvenBot2}}4-10	-	-	-	-
OddBot2	O36	CTCCGAGATGATGTGTT	1:1:1	1:9:0	1	{{EvenBot2}}4-10	-	-	-	-
OddBot2	O37	AGACAAGCCACCTTATT	1:1:1	1:9:0	1	{{EvenBot2}}4-10	-	-	-	-
OddBot2	O38	CGCCGTGCCTCTAACTT	1:1:1	1:9:0	1	{{EvenBot2}}4-10	-	-	-	-
OddBot2	O39	TGGTTGCTTGCATTGTT	1:1:1	1:9:0	1	{{EvenBot2}}4-10	-	-	-	-
OddBot2	O40	CAGCAACGTCCTATTGT	1:1:1	1:9:0	1	{{EvenBot2}}4-10	-	-	-	-
OddBot2	O41	TGGTTGCAGCCTCCGCT	1:1:1	1:9:0	1	{{EvenBot2}}4-10	-	-	-	-
OddBot2	O42	CGTTCATTACGTCAGTT	1:1:1	1:9:0	1	{{EvenBot2}}4-10	-	-	-	-
OddBot2	O43	ATATGAATATGTGGCTT	1:1:1	1:9:0	1	{{EvenBot2}}4-10	-	-	-	-
OddBot2	O44	GTCACTCGGTGCGACTT	1:1:1	1:9:0	1	{{EvenBot2}}4-10	-	-	-	-
OddBot2	O45	GCCTAGTAGAAGACGTT	1:1:1	1:9:0	1	{{EvenBot2}}4-10	-	-	-	-
OddBot2	O46	GTGCTAACCTACACATT	1:1:1	1:9:0	1	{{EvenBot2}}4-10	-	-	-	-
OddBot2	O47	ACTCAGGAAGGCTGATT	1:1:1	1:9:0	1	{{EvenBot2}}4-10	-	-	-	-
OddBot2	O48	CGCTGACATAAGACCTT	1:1:1	1:9:0	1	{{EvenBot2}}4-10	-	-	-	-
OddBot2	O49	GCCTCTAACTAAGGATT	1:1:1	1:9:0	1	{{EvenBot2}}4-10	-	-	-	-
OddBot2	O50	TATCAATCGCAGCGGTT	1:1:1	1:9:0	1	{{EvenBot2}}4-10	-	-	-	-
OddBot2	O51	CGCCATGCAGTTACGCT	1:1:1	1:9:0	1	{{EvenBot2}}4-10	-	-	-	-
OddBot2	O52	GTGCCTACGACGTAGCT	1:1:1	1:9:0	1	{{EvenBot2}}4-10	-	-	-	-
OddBot2	O53	TACAATCACCGTGTATT	1:1:1	1:9:0	1	{{EvenBot2}}4-10	-	-	-	-
OddBot2	O54	TGCTCTTCATAAGCCTT	1:1:1	1:9:0	1	{{EvenBot2}}4-10	-	-	-	-
OddBot2	O55	TGAATATAGGCACTTGT	1:1:1	1:9:0	1	{{EvenBot2}}4-10	-	-	-	-
OddBot2	O56	ATATCTGTGAGCCGATT	1:1:1	1:9:0	1	{{EvenBot2}}4-10	-	-	-	-
OddBot2	O57	TAATTGAATACACCGTT	1:1:1	1:9:0	1	{{EvenBot2}}4-10	-	-	-	-
OddBot2	O58	CATATCTCGAATAGGCT	1:1:1	1:9:0	1	{{EvenBot2}}4-10	-	-	-	-
OddBot2	O59	TGGCAACGGCTCATGTT	1:1:1	1:9:0	1	{{EvenBot2}}4-10	-	-	-	-
OddBot2	O60	TGAGAGGATGAATGCTT	1:1:1	1:9:0	1	{{EvenBot2}}4-10	-	-	-	-
OddBot2	O61	GGTGTCAAGCACCGCTT	1:1:1	1:9:0	1	{{EvenBot2}}4-10	-	-	-	-
OddBot2	O62	ACTAGGTCGAATGCCTT	1:1:1	1:9:0	1	{{EvenBot2}}4-10	-	-	-	-
OddBot2	O63	TAGTTCGTCACCGTGTT	1:1:1	1:9:0	1	{{EvenBot2}}4-10	-	-	-	-
OddBot2	O64	CGTCACACGTTGAACTT	1:1:1	1:9:0	1	{{EvenBot2}}4-10	-	-	-	-
OddBot2	O65	CATACTCTGGTGCCATT	1:1:1	1:9:0	1	{{EvenBot2}}4-10	-	-	-	-
OddBot2	O66	GGTCACCAAGAGACGCT	1:1:1	1:9:0	1	{{EvenBot2}}4-10	-	-	-	-
OddBot2	O67	GCCTTCCGCCTCGTATT	1:1:1	1:9:0	1	{{EvenBot2}}4-10	-	-	-	-
OddBot2	O68	TAGACAGACGGTCTATT	1:1:1	1:9:0	1	{{EvenBot2}}4-10	-	-	-	-
OddBot2	O69	TGCCATTCCACTTAGCT	1:1:1	1:9:0	1	{{EvenBot2}}4-10	-	-	-	-
OddBot2	O70	GACGAACTCCATGCGTT	1:1:1	1:9:0	1	{{EvenBot2}}4-10	-	-	-	-
OddBot2	O71	CGGCAAGACTGCCTATT	1:1:1	1:9:0	1	{{EvenBot2}}4-10	-	-	-	-
OddBot2	O72	CAGACTCAATTAGGCTT	1:1:1	1:9:0	1	{{EvenBot2}}4-10	-	-	-	-
OddBot2	O73	CACCGCAATATAATTGT	1:1:1	1:9:0	1	{{EvenBot2}}4-10	-	-	-	-
OddBot2	O74	AATCAATGAACGAGGCT	1:1:1	1:9:0	1	{{EvenBot2}}4-10	-	-	-	-
OddBot2	O75	AGCGTCATCGGACTCTT	1:1:1	1:9:0	1	{{EvenBot2}}4-10	-	-	-	-
OddBot2	O76	AAGGACGCAGTGAGATT	1:1:1	1:9:0	1	{{EvenBot2}}4-10	-	-	-	-
OddBot2	O77	GTTGAACACTTCCGTTT	1:1:1	1:9:0	1	{{EvenBot2}}4-10	-	-	-	-
OddBot2	O78	TTGTGTAGGAGCAAGTT	1:1:1	1:9:0	1	{{EvenBot2}}4-10	-	-	-	-
OddBot2	O79	ATTGCTTAACGGATTGT	1:1:1	1:9:0	1	{{EvenBot2}}4-10	-	-	-	-
OddBot2	O80	GTATCGCACTCATTGTT	1:1:1	1:9:0	1	{{EvenBot2}}4-10	-	-	-	-
OddBot2	O81	CCTCCAGTGTCGTCGCT	1:1:1	1:9:0	1	{{EvenBot2}}4-10	-	-	-	-
OddBot2	O82	GTCCGATGGACGCCGTT	1:1:1	1:9:0	1	{{EvenBot2}}4-10	-	-	-	-
OddBot2	O83	TAACGCAGGATACTATT	1:1:1	1:9:0	1	{{EvenBot2}}4-10	-	-	-	-
OddBot2	O84	TCGTGTCATCGCTAGTT	1:1:1	1:9:0	1	{{EvenBot2}}4-10	-	-	-	-
OddBot2	O85	GCTGTGTCTGTCACCTT	1:1:1	1:9:0	1	{{EvenBot2}}4-10	-	-	-	-
OddBot2	O86	TTGGCTAGGTTGTGTGT	1:1:1	1:9:0	1	{{EvenBot2}}4-10	-	-	-	-
OddBot2	O87	TCGGTTCGTTAGGCGTT	1:1:1	1:9:0	1	{{EvenBot2}}4-10	-	-	-	-
OddBot2	O88	TATACGGCACCTACTTT	1:1:1	1:9:0	1	{{EvenBot2}}4-10	-	-	-	-
OddBot2	O89	TCACACGTCGAGCGATT	1:1:1	1:9:0	1	{{EvenBot2}}4-10	-	-	-	-
OddBot2	O90	TCTCAATCTGGATCGCT	1:1:1	1:9:0	1	{{EvenBot2}}4-10	-	-	-	-
OddBot2	O91	CTTCCAACACACGGATT	1:1:1	1:9:0	1	{{EvenBot2}}4-10	-	-	-	-
OddBot2	O92	CCTACATCTGTCGAGTT	1:1:1	1:9:0	1	{{EvenBot2}}4-10	-	-	-	-
OddBot2	O93	GGAGTGCGTGTTAGCTT	1:1:1	1:9:0	1	{{EvenBot2}}4-10	-	-	-	-
OddBot2	O94	CAACGAGGTCAGTCGCT	1:1:1	1:9:0	1	{{EvenBot2}}4-10	-	-	-	-
OddBot2	O95	GCTCTTGGAGGTATCTT	1:1:1	1:9:0	1	{{EvenBot2}}4-10	-	-	-	-
OddBot2	O96	AGAAGCCTCGGATTGTT	1:1:1	1:9:0	1	{{EvenBot2}}4-10	-	-	-	-
EvenBot1	E1	GATACTGCGGCTGACGT	1:1:1	1:9:0	1	{{OddBot2}}4-10	-	-	-	-
EvenBot1	E2	TGTAGGTTCTGGAATCT	1:1:1	1:9:0	1	{{OddBot2}}4-10	-	-	-	-
EvenBot1	E3	GTGCCGTGACTCCATCT	1:1:1	1:9:0	1	{{OddBot2}}4-10	-	-	-	-
EvenBot1	E4	CGTAGTCCAGGTCGTCT	1:1:1	1:9:0	1	{{OddBot2}}4-10	-	-	-	-
EvenBot1	E5	AGAAGATCGCAATTAGT	1:1:1	1:9:0	1	{{OddBot2}}4-10	-	-	-	-
EvenBot1	E6	TTCAAGCCTTGCGGAGT	1:1:1	1:9:0	1	{{OddBot2}}4-10	-	-	-	-
EvenBot1	E7	ATGGACCTCTAATTGCT	1:1:1	1:9:0	1	{{OddBot2}}4-10	-	-	-	-
EvenBot1	E8	TGTTGCGTAGTGATGCT	1:1:1	1:9:0	1	{{OddBot2}}4-10	-	-	-	-
EvenBot1	E9	CGCATGGATACCAGCGT	1:1:1	1:9:0	1	{{OddBot2}}4-10	-	-	-	-
EvenBot1	E10	CGATGACCTGTCCATGT	1:1:1	1:9:0	1	{{OddBot2}}4-10	-	-	-	-
EvenBot1	E11	GCACACCATCGTATTCT	1:1:1	1:9:0	1	{{OddBot2}}4-10	-	-	-	-
EvenBot1	E12	GCTACTTCCGAATCAGT	1:1:1	1:9:0	1	{{OddBot2}}4-10	-	-	-	-
EvenBot1	E13	CGTGACATTAAGGTTGT	1:1:1	1:9:0	1	{{OddBot2}}4-10	-	-	-	-
EvenBot1	E14	TCAAGCTAGACGGTTCT	1:1:1	1:9:0	1	{{OddBot2}}4-10	-	-	-	-
EvenBot1	E15	TAGAAGTGCTCCAGGTT	1:1:1	1:9:0	1	{{OddBot2}}4-10	-	-	-	-
EvenBot1	E16	TGCATAGGACAGGCAGT	1:1:1	1:9:0	1	{{OddBot2}}4-10	-	-	-	-
EvenBot1	E17	ACGCTCCTAGATGTTCT	1:1:1	1:9:0	1	{{OddBot2}}4-10	-	-	-	-
EvenBot1	E18	GTTATTGCCACCAGTGT	1:1:1	1:9:0	1	{{OddBot2}}4-10	-	-	-	-
EvenBot1	E19	GGCGGATTCTCAGTGGT	1:1:1	1:9:0	1	{{OddBot2}}4-10	-	-	-	-
EvenBot1	E20	GGCACGAGATCCTTGCT	1:1:1	1:9:0	1	{{OddBot2}}4-10	-	-	-	-
EvenBot1	E21	TTCGTGTGAGTCTCGTT	1:1:1	1:9:0	1	{{OddBot2}}4-10	-	-	-	-
EvenBot1	E22	TGGCTCTGAACCTATCT	1:1:1	1:9:0	1	{{OddBot2}}4-10	-	-	-	-
EvenBot1	E23	AATGCTTCACACGGTGT	1:1:1	1:9:0	1	{{OddBot2}}4-10	-	-	-	-
EvenBot1	E24	CGCACACGATCATCTGT	1:1:1	1:9:0	1	{{OddBot2}}4-10	-	-	-	-
EvenBot1	E25	ACCTCACGTCTAGGCGT	1:1:1	1:9:0	1	{{OddBot2}}4-10	-	-	-	-
EvenBot1	E26	AAGTCCTGCCACTACGT	1:1:1	1:9:0	1	{{OddBot2}}4-10	-	-	-	-
EvenBot1	E27	GGCTGAGCTGGTCTAGT	1:1:1	1:9:0	1	{{OddBot2}}4-10	-	-	-	-
EvenBot1	E28	AACTCAAGCACCTCTCT	1:1:1	1:9:0	1	{{OddBot2}}4-10	-	-	-	-
EvenBot1	E29	CGACTACTGCTCACCGT	1:1:1	1:9:0	1	{{OddBot2}}4-10	-	-	-	-
EvenBot1	E30	GCCAGTTAGCAAGACGT	1:1:1	1:9:0	1	{{OddBot2}}4-10	-	-	-	-
EvenBot1	E31	TGTTGCTGTGTGGATCT	1:1:1	1:9:0	1	{{OddBot2}}4-10	-	-	-	-
EvenBot1	E32	GTCAATGGACGGATGCT	1:1:1	1:9:0	1	{{OddBot2}}4-10	-	-	-	-
EvenBot1	E33	CATTCTCTGCCGAGAGT	1:1:1	1:9:0	1	{{OddBot2}}4-10	-	-	-	-
EvenBot1	E34	GCACAGTCCTCCATGCT	1:1:1	1:9:0	1	{{OddBot2}}4-10	-	-	-	-
EvenBot1	E35	ATGTCCGCCTGCATGGT	1:1:1	1:9:0	1	{{OddBot2}}4-10	-	-	-	-
EvenBot1	E36	ACTGGTGTCACGTCTCT	1:1:1	1:9:0	1	{{OddBot2}}4-10	-	-	-	-
EvenBot1	E37	TGATTACGTTCCACGGT	1:1:1	1:9:0	1	{{OddBot2}}4-10	-	-	-	-
EvenBot1	E38	ACCAACAAGATAGTGCT	1:1:1	1:9:0	1	{{OddBot2}}4-10	-	-	-	-
EvenBot1	E39	CGATTAGTGCGAGAGGT	1:1:1	1:9:0	1	{{OddBot2}}4-10	-	-	-	-
EvenBot1	E40	GGTATCGTATAGGTCGT	1:1:1	1:9:0	1	{{OddBot2}}4-10	-	-	-	-
EvenBot1	E41	ATAGATTGTTGCGTGCT	1:1:1	1:9:0	1	{{OddBot2}}4-10	-	-	-	-
EvenBot1	E42	TTGCTCGTTGGTCCAGT	1:1:1	1:9:0	1	{{OddBot2}}4-10	-	-	-	-
EvenBot1	E43	AACCGCAGAGAGGTAGT	1:1:1	1:9:0	1	{{OddBot2}}4-10	-	-	-	-
EvenBot1	E44	GTCCGTTGCTATAATCT	1:1:1	1:9:0	1	{{OddBot2}}4-10	-	-	-	-
EvenBot1	E45	GGTTGTTCGTGTGTCGT	1:1:1	1:9:0	1	{{OddBot2}}4-10	-	-	-	-
EvenBot1	E46	GTTGATAAGCCGACGGT	1:1:1	1:9:0	1	{{OddBot2}}4-10	-	-	-	-
EvenBot1	E47	TGGAACACTCTACTGCT	1:1:1	1:9:0	1	{{OddBot2}}4-10	-	-	-	-
EvenBot1	E48	GACTGTTCGACACGTCT	1:1:1	1:9:0	1	{{OddBot2}}4-10	-	-	-	-
EvenBot1	E49	ACTAGGTGGCGGTCTGT	1:1:1	1:9:0	1	{{OddBot2}}4-10	-	-	-	-
EvenBot1	E50	GAATCACGAGTTCGTCT	1:1:1	1:9:0	1	{{OddBot2}}4-10	-	-	-	-
EvenBot1	E51	TCCTTCGTTAAGGCTGT	1:1:1	1:9:0	1	{{OddBot2}}4-10	-	-	-	-
EvenBot1	E52	CGACGACTGACTAGGTT	1:1:1	1:9:0	1	{{OddBot2}}4-10	-	-	-	-
EvenBot1	E53	CTCTACACCGCTGAAGT	1:1:1	1:9:0	1	{{OddBot2}}4-10	-	-	-	-
EvenBot1	E54	ACCTGCTTCCGTGATGT	1:1:1	1:9:0	1	{{OddBot2}}4-10	-	-	-	-
EvenBot1	E55	GCATCGACTCACCTTCT	1:1:1	1:9:0	1	{{OddBot2}}4-10	-	-	-	-
EvenBot1	E56	CTGATTCCTGAGTCCGT	1:1:1	1:9:0	1	{{OddBot2}}4-10	-	-	-	-
EvenBot1	E57	AGTCCAGGCATTCGTCT	1:1:1	1:9:0	1	{{OddBot2}}4-10	-	-	-	-
EvenBot1	E58	GAGCGTGCAGTGGAAGT	1:1:1	1:9:0	1	{{OddBot2}}4-10	-	-	-	-
EvenBot1	E59	CTATCCTGTCAACGGCT	1:1:1	1:9:0	1	{{OddBot2}}4-10	-	-	-	-
EvenBot1	E60	ACCACGGAGCCTTCTCT	1:1:1	1:9:0	1	{{OddBot2}}4-10	-	-	-	-
EvenBot1	E61	ATATCAATGATGGTGCT	1:1:1	1:9:0	1	{{OddBot2}}4-10	-	-	-	-
EvenBot1	E62	GTAACCATATTGCCGTT	1:1:1	1:9:0	1	{{OddBot2}}4-10	-	-	-	-
EvenBot1	E63	TCGGAGGATCTAGTGGT	1:1:1	1:9:0	1	{{OddBot2}}4-10	-	-	-	-
EvenBot1	E64	GTCGCACCACAACCATT	1:1:1	1:9:0	1	{{OddBot2}}4-10	-	-	-	-
EvenBot1	E65	TTCCGTGGCTTACTGGT	1:1:1	1:9:0	1	{{OddBot2}}4-10	-	-	-	-
EvenBot1	E66	CCACGTTCAACTGGCGT	1:1:1	1:9:0	1	{{OddBot2}}4-10	-	-	-	-
EvenBot1	E67	GGAACACGCACATGGCT	1:1:1	1:9:0	1	{{OddBot2}}4-10	-	-	-	-
EvenBot1	E68	ACTAGCACCTCGTAATT	1:1:1	1:9:0	1	{{OddBot2}}4-10	-	-	-	-
EvenBot1	E69	TACAACGGTGCGACTGT	1:1:1	1:9:0	1	{{OddBot2}}4-10	-	-	-	-
EvenBot1	E70	TGAGCTGGACAGGTGGT	1:1:1	1:9:0	1	{{OddBot2}}4-10	-	-	-	-
EvenBot1	E71	AGCTTGCCGTAGCGTGT	1:1:1	1:9:0	1	{{OddBot2}}4-10	-	-	-	-
EvenBot1	E72	CCTGTTACGTCCGCTGT	1:1:1	1:9:0	1	{{OddBot2}}4-10	-	-	-	-
EvenBot1	E73	GATTCCTCTGCGATGCT	1:1:1	1:9:0	1	{{OddBot2}}4-10	-	-	-	-
EvenBot1	E74	AGAGGATTGGAGAATCT	1:1:1	1:9:0	1	{{OddBot2}}4-10	-	-	-	-
EvenBot1	E75	GGCTTCATTAACTAGGT	1:1:1	1:9:0	1	{{OddBot2}}4-10	-	-	-	-
EvenBot1	E76	TGGTCGCATGATAAGGT	1:1:1	1:9:0	1	{{OddBot2}}4-10	-	-	-	-
EvenBot1	E77	CGTGAAGTGACTGAGGT	1:1:1	1:9:0	1	{{OddBot2}}4-10	-	-	-	-
EvenBot1	E78	CGCTGGAACTCATAAGT	1:1:1	1:9:0	1	{{OddBot2}}4-10	-	-	-	-
EvenBot1	E79	GCCAGCAATCCTACAGT	1:1:1	1:9:0	1	{{OddBot2}}4-10	-	-	-	-
EvenBot1	E80	GCGTATACCGAGTTGGT	1:1:1	1:9:0	1	{{OddBot2}}4-10	-	-	-	-
EvenBot1	E81	CCGTATCGAGGTGCCGT	1:1:1	1:9:0	1	{{OddBot2}}4-10	-	-	-	-
EvenBot1	E82	TCCGCACTCTGATAATT	1:1:1	1:9:0	1	{{OddBot2}}4-10	-	-	-	-
EvenBot1	E83	TGTCGATATTGATCCGT	1:1:1	1:9:0	1	{{OddBot2}}4-10	-	-	-	-
EvenBot1	E84	GACGCTGTGGCGATTCT	1:1:1	1:9:0	1	{{OddBot2}}4-10	-	-	-	-
EvenBot1	E85	GGTAGCTTACGTCATCT	1:1:1	1:9:0	1	{{OddBot2}}4-10	-	-	-	-
EvenBot1	E86	CAATGCGTGTGTTCGGT	1:1:1	1:9:0	1	{{OddBot2}}4-10	-	-	-	-
EvenBot1	E87	GACGCTCTATACACCGT	1:1:1	1:9:0	1	{{OddBot2}}4-10	-	-	-	-
EvenBot1	E88	ACGCTTGGCTAATAGGT	1:1:1	1:9:0	1	{{OddBot2}}4-10	-	-	-	-
EvenBot1	E89	ACCGACATCCGCTGTGT	1:1:1	1:9:0	1	{{OddBot2}}4-10	-	-	-	-
EvenBot1	E90	GAGTCTTCGGATACCGT	1:1:1	1:9:0	1	{{OddBot2}}4-10	-	-	-	-
EvenBot1	E91	AACGCTTATGGCAGTGT	1:1:1	1:9:0	1	{{OddBot2}}4-10	-	-	-	-
EvenBot1	E92	TGGTTGATTCAAGAATT	1:1:1	1:9:0	1	{{OddBot2}}4-10	-	-	-	-
EvenBot1	E93	GGTCCTGTCTAGTCCGT	1:1:1	1:9:0	1	{{OddBot2}}4-10	-	-	-	-
EvenBot1	E94	CGCCTATTGTACTGCGT	1:1:1	1:9:0	1	{{OddBot2}}4-10	-	-	-	-
EvenBot1	E95	GAAGCGGAAGGTATAGT	1:1:1	1:9:0	1	{{OddBot2}}4-10	-	-	-	-
EvenBot1	E96	CGCTCCAGTCGTAATCT	1:1:1	1:9:0	1	{{OddBot2}}4-10	-	-	-	-
OddBot1	O1	CTTCGTGGAATCTAGCT	1:1:1	1:9:0	1	{{EvenBot1}}4-10	-	-	-	-
OddBot1	O2	TCCTGTGCGTTAGAGTT	1:1:1	1:9:0	1	{{EvenBot1}}4-10	-	-	-	-
OddBot1	O3	CACTAGAGGTGTCCGTT	1:1:1	1:9:0	1	{{EvenBot1}}4-10	-	-	-	-
OddBot1	O4	ATACTCGGTTAGTCCTT	1:1:1	1:9:0	1	{{EvenBot1}}4-10	-	-	-	-
OddBot1	O5	ATCGTTCTCATTCTGTT	1:1:1	1:9:0	1	{{EvenBot1}}4-10	-	-	-	-
OddBot1	O6	AACGCCGATAAGGACTT	1:1:1	1:9:0	1	{{EvenBot1}}4-10	-	-	-	-
OddBot1	O7	GCTGGAAGCCTCTAGCT	1:1:1	1:9:0	1	{{EvenBot1}}4-10	-	-	-	-
OddBot1	O8	TCGTGAGGATCAACGCT	1:1:1	1:9:0	1	{{EvenBot1}}4-10	-	-	-	-
OddBot1	O9	TGATACCGTAGCAGATT	1:1:1	1:9:0	1	{{EvenBot1}}4-10	-	-	-	-
OddBot1	O10	TTCTAACACACAGCCTT	1:1:1	1:9:0	1	{{EvenBot1}}4-10	-	-	-	-
OddBot1	O11	TAGTGGCACTTCACCTT	1:1:1	1:9:0	1	{{EvenBot1}}4-10	-	-	-	-
OddBot1	O12	CGAAGTGGTTCGGTCTT	1:1:1	1:9:0	1	{{EvenBot1}}4-10	-	-	-	-
OddBot1	O13	GCCTACAGAAGTATCTT	1:1:1	1:9:0	1	{{EvenBot1}}4-10	-	-	-	-
OddBot1	O14	GTCGGCAACAGACCATT	1:1:1	1:9:0	1	{{EvenBot1}}4-10	-	-	-	-
OddBot1	O15	CGTGCTATAATCTTGTT	1:1:1	1:9:0	1	{{EvenBot1}}4-10	-	-	-	-
OddBot1	O16	AGTAGAACGCTAGGTTT	1:1:1	1:9:0	1	{{EvenBot1}}4-10	-	-	-	-
OddBot1	O17	CATCATACCACGCCGCT	1:1:1	1:9:0	1	{{EvenBot1}}4-10	-	-	-	-
OddBot1	O18	ATCCTGGACAGTGAGCT	1:1:1	1:9:0	1	{{EvenBot1}}4-10	-	-	-	-
OddBot1	O19	CGTTCTCCTTAGAGATT	1:1:1	1:9:0	1	{{EvenBot1}}4-10	-	-	-	-
OddBot1	O20	ACGTTCCATGCTATCTT	1:1:1	1:9:0	1	{{EvenBot1}}4-10	-	-	-	-
OddBot1	O21	GGATAGCACCGTTCATT	1:1:1	1:9:0	1	{{EvenBot1}}4-10	-	-	-	-
OddBot1	O22	GACCAAGCACCAGACTT	1:1:1	1:9:0	1	{{EvenBot1}}4-10	-	-	-	-
OddBot1	O23	ACCTTCCTATGCTACTT	1:1:1	1:9:0	1	{{EvenBot1}}4-10	-	-	-	-
OddBot1	O24	CTAACGCTGTGAAGGCT	1:1:1	1:9:0	1	{{EvenBot1}}4-10	-	-	-	-
OddBot1	O25	GGTATTACTCATAGGCT	1:1:1	1:9:0	1	{{EvenBot1}}4-10	-	-	-	-
OddBot1	O26	GCGGTCACGCCTGAGCT	1:1:1	1:9:0	1	{{EvenBot1}}4-10	-	-	-	-
OddBot1	O27	TTCGAGTGGAGCAATTT	1:1:1	1:9:0	1	{{EvenBot1}}4-10	-	-	-	-
OddBot1	O28	TCCGCCTAGTGAGGCTT	1:1:1	1:9:0	1	{{EvenBot1}}4-10	-	-	-	-
OddBot1	O29	ATGATGTGATAAGGCTT	1:1:1	1:9:0	1	{{EvenBot1}}4-10	-	-	-	-
OddBot1	O30	CTTCTTGTCTTGGAGCT	1:1:1	1:9:0	1	{{EvenBot1}}4-10	-	-	-	-
OddBot1	O31	CTCAAGGTGTCCGAGTT	1:1:1	1:9:0	1	{{EvenBot1}}4-10	-	-	-	-
OddBot1	O32	GTCTCTTGCATCACGCT	1:1:1	1:9:0	1	{{EvenBot1}}4-10	-	-	-	-
OddBot1	O33	ATGAGTGCCGCAGACTT	1:1:1	1:9:0	1	{{EvenBot1}}4-10	-	-	-	-
OddBot1	O34	CCTATTGCATCTTCATT	1:1:1	1:9:0	1	{{EvenBot1}}4-10	-	-	-	-
OddBot1	O35	ATCGAGGATAGCCTGTT	1:1:1	1:9:0	1	{{EvenBot1}}4-10	-	-	-	-
OddBot1	O36	CTCCGAGATGATGTGTT	1:1:1	1:9:0	1	{{EvenBot1}}4-10	-	-	-	-
OddBot1	O37	AGACAAGCCACCTTATT	1:1:1	1:9:0	1	{{EvenBot1}}4-10	-	-	-	-
OddBot1	O38	CGCCGTGCCTCTAACTT	1:1:1	1:9:0	1	{{EvenBot1}}4-10	-	-	-	-
OddBot1	O39	TGGTTGCTTGCATTGTT	1:1:1	1:9:0	1	{{EvenBot1}}4-10	-	-	-	-
OddBot1	O40	CAGCAACGTCCTATTGT	1:1:1	1:9:0	1	{{EvenBot1}}4-10	-	-	-	-
OddBot1	O41	TGGTTGCAGCCTCCGCT	1:1:1	1:9:0	1	{{EvenBot1}}4-10	-	-	-	-
OddBot1	O42	CGTTCATTACGTCAGTT	1:1:1	1:9:0	1	{{EvenBot1}}4-10	-	-	-	-
OddBot1	O43	ATATGAATATGTGGCTT	1:1:1	1:9:0	1	{{EvenBot1}}4-10	-	-	-	-
OddBot1	O44	GTCACTCGGTGCGACTT	1:1:1	1:9:0	1	{{EvenBot1}}4-10	-	-	-	-
OddBot1	O45	GCCTAGTAGAAGACGTT	1:1:1	1:9:0	1	{{EvenBot1}}4-10	-	-	-	-
OddBot1	O46	GTGCTAACCTACACATT	1:1:1	1:9:0	1	{{EvenBot1}}4-10	-	-	-	-
OddBot1	O47	ACTCAGGAAGGCTGATT	1:1:1	1:9:0	1	{{EvenBot1}}4-10	-	-	-	-
OddBot1	O48	CGCTGACATAAGACCTT	1:1:1	1:9:0	1	{{EvenBot1}}4-10	-	-	-	-
OddBot1	O49	GCCTCTAACTAAGGATT	1:1:1	1:9:0	1	{{EvenBot1}}4-10	-	-	-	-
OddBot1	O50	TATCAATCGCAGCGGTT	1:1:1	1:9:0	1	{{EvenBot1}}4-10	-	-	-	-
OddBot1	O51	CGCCATGCAGTTACGCT	1:1:1	1:9:0	1	{{EvenBot1}}4-10	-	-	-	-
OddBot1	O52	GTGCCTACGACGTAGCT	1:1:1	1:9:0	1	{{EvenBot1}}4-10	-	-	-	-
OddBot1	O53	TACAATCACCGTGTATT	1:1:1	1:9:0	1	{{EvenBot1}}4-10	-	-	-	-
OddBot1	O54	TGCTCTTCATAAGCCTT	1:1:1	1:9:0	1	{{EvenBot1}}4-10	-	-	-	-
OddBot1	O55	TGAATATAGGCACTTGT	1:1:1	1:9:0	1	{{EvenBot1}}4-10	-	-	-	-
OddBot1	O56	ATATCTGTGAGCCGATT	1:1:1	1:9:0	1	{{EvenBot1}}4-10	-	-	-	-
OddBot1	O57	TAATTGAATACACCGTT	1:1:1	1:9:0	1	{{EvenBot1}}4-10	-	-	-	-
OddBot1	O58	CATATCTCGAATAGGCT	1:1:1	1:9:0	1	{{EvenBot1}}4-10	-	-	-	-
OddBot1	O59	TGGCAACGGCTCATGTT	1:1:1	1:9:0	1	{{EvenBot1}}4-10	-	-	-	-
OddBot1	O60	TGAGAGGATGAATGCTT	1:1:1	1:9:0	1	{{EvenBot1}}4-10	-	-	-	-
OddBot1	O61	GGTGTCAAGCACCGCTT	1:1:1	1:9:0	1	{{EvenBot1}}4-10	-	-	-	-
OddBot1	O62	ACTAGGTCGAATGCCTT	1:1:1	1:9:0	1	{{EvenBot1}}4-10	-	-	-	-
OddBot1	O63	TAGTTCGTCACCGTGTT	1:1:1	1:9:0	1	{{EvenBot1}}4-10	-	-	-	-
OddBot1	O64	CGTCACACGTTGAACTT	1:1:1	1:9:0	1	{{EvenBot1}}4-10	-	-	-	-
OddBot1	O65	CATACTCTGGTGCCATT	1:1:1	1:9:0	1	{{EvenBot1}}4-10	-	-	-	-
OddBot1	O66	GGTCACCAAGAGACGCT	1:1:1	1:9:0	1	{{EvenBot1}}4-10	-	-	-	-
OddBot1	O67	GCCTTCCGCCTCGTATT	1:1:1	1:9:0	1	{{EvenBot1}}4-10	-	-	-	-
OddBot1	O68	TAGACAGACGGTCTATT	1:1:1	1:9:0	1	{{EvenBot1}}4-10	-	-	-	-
OddBot1	O69	TGCCATTCCACTTAGCT	1:1:1	1:9:0	1	{{EvenBot1}}4-10	-	-	-	-
OddBot1	O70	GACGAACTCCATGCGTT	1:1:1	1:9:0	1	{{EvenBot1}}4-10	-	-	-	-
OddBot1	O71	CGGCAAGACTGCCTATT	1:1:1	1:9:0	1	{{EvenBot1}}4-10	-	-	-	-
OddBot1	O72	CAGACTCAATTAGGCTT	1:1:1	1:9:0	1	{{EvenBot1}}4-10	-	-	-	-
OddBot1	O73	CACCGCAATATAATTGT	1:1:1	1:9:0	1	{{EvenBot1}}4-10	-	-	-	-
OddBot1	O74	AATCAATGAACGAGGCT	1:1:1	1:9:0	1	{{EvenBot1}}4-10	-	-	-	-
OddBot1	O75	AGCGTCATCGGACTCTT	1:1:1	1:9:0	1	{{EvenBot1}}4-10	-	-	-	-
OddBot1	O76	AAGGACGCAGTGAGATT	1:1:1	1:9:0	1	{{EvenBot1}}4-10	-	-	-	-
OddBot1	O77	GTTGAACACTTCCGTTT	1:1:1	1:9:0	1	{{EvenBot1}}4-10	-	-	-	-
OddBot1	O78	TTGTGTAGGAGCAAGTT	1:1:1	1:9:0	1	{{EvenBot1}}4-10	-	-	-	-
OddBot1	O79	ATTGCTTAACGGATTGT	1:1:1	1:9:0	1	{{EvenBot1}}4-10	-	-	-	-
OddBot1	O80	GTATCGCACTCATTGTT	1:1:1	1:9:0	1	{{EvenBot1}}4-10	-	-	-	-
OddBot1	O81	CCTCCAGTGTCGTCGCT	1:1:1	1:9:0	1	{{EvenBot1}}4-10	-	-	-	-
OddBot1	O82	GTCCGATGGACGCCGTT	1:1:1	1:9:0	1	{{EvenBot1}}4-10	-	-	-	-
OddBot1	O83	TAACGCAGGATACTATT	1:1:1	1:9:0	1	{{EvenBot1}}4-10	-	-	-	-
OddBot1	O84	TCGTGTCATCGCTAGTT	1:1:1	1:9:0	1	{{EvenBot1}}4-10	-	-	-	-
OddBot1	O85	GCTGTGTCTGTCACCTT	1:1:1	1:9:0	1	{{EvenBot1}}4-10	-	-	-	-
OddBot1	O86	TTGGCTAGGTTGTGTGT	1:1:1	1:9:0	1	{{EvenBot1}}4-10	-	-	-	-
OddBot1	O87	TCGGTTCGTTAGGCGTT	1:1:1	1:9:0	1	{{EvenBot1}}4-10	-	-	-	-
OddBot1	O88	TATACGGCACCTACTTT	1:1:1	1:9:0	1	{{EvenBot1}}4-10	-	-	-	-
OddBot1	O89	TCACACGTCGAGCGATT	1:1:1	1:9:0	1	{{EvenBot1}}4-10	-	-	-	-
OddBot1	O90	TCTCAATCTGGATCGCT	1:1:1	1:9:0	1	{{EvenBot1}}4-10	-	-	-	-
OddBot1	O91	CTTCCAACACACGGATT	1:1:1	1:9:0	1	{{EvenBot1}}4-10	-	-	-	-
OddBot1	O92	CCTACATCTGTCGAGTT	1:1:1	1:9:0	1	{{EvenBot1}}4-10	-	-	-	-
OddBot1	O93	GGAGTGCGTGTTAGCTT	1:1:1	1:9:0	1	{{EvenBot1}}4-10	-	-	-	-
OddBot1	O94	CAACGAGGTCAGTCGCT	1:1:1	1:9:0	1	{{EvenBot1}}4-10	-	-	-	-
OddBot1	O95	GCTCTTGGAGGTATCTT	1:1:1	1:9:0	1	{{EvenBot1}}4-10	-	-	-	-
OddBot1	O96	AGAAGCCTCGGATTGTT	1:1:1	1:9:0	1	{{EvenBot1}}4-10	-	-	-	-
DPM_const	DPM_const	TCATGTCTTCCGATCT	2:0:2	1:9:0	1	{{OddBot1}}4-10	1	-	-	-
DPM_R2	DPM1	TGGGTGTTT	1:0:1	1:9:0	1	{DPM_const}0-0	-	1:1	-	-
DPM_R2	DPM2	TGACATGTT	1:0:1	1:9:0	1	{DPM_const}0-0	-	1:1	-	-
DPM_R2	DPM3	GCGCGGTTT	1:0:1	1:9:0	1	{DPM_const}0-0	-	1:1	-	-
DPM_R2	DPM4	CGCCGGGTT	1:0:1	1:9:0	1	{DPM_const}0-0	-	1:1	-	-
DPM_R2	DPM5	CTGTCGTTT	1:0:1	1:9:0	1	{DPM_const}0-0	-	1:1	-	-
DPM_R2	DPM6	GAAGAGGTT	1:0:1	1:9:0	1	{DPM_const}0-0	-	1:1	-	-
DPM_R2	DPM7	AAGAAGTTT	1:0:1	1:9:0	1	{DPM_const}0-0	-	1:1	-	-
DPM_R2	DPM8	TTCAAGGTT	1:0:1	1:9:0	1	{DPM_const}0-0	-	1:1	-	-
DPM_R2	DPM9	TCCCTCTTT	1:0:1	1:9:0	1	{DPM_const}0-0	-	1:1	-	-
DPM_R2	DPM10	TATGCCGTT	1:0:1	1:9:0	1	{DPM_const}0-0	-	1:1	-	-
DPM_R2	DPM11	GTATGATTT	1:0:1	1:9:0	1	{DPM_const}0-0	-	1:1	-	-
DPM_R2	DPM12	ATTATAGTT	1:0:1	1:9:0	1	{DPM_const}0-0	-	1:1	-	-
DPM_R2	DPM13	TCGAGTCTT	1:0:1	1:9:0	1	{DPM_const}0-0	-	1:1	-	-
DPM_R2	DPM14	CCCTTTATT	1:0:1	1:9:0	1	{DPM_const}0-0	-	1:1	-	-
DPM_R2	DPM15	CAGCATCTT	1:0:1	1:9:0	1	{DPM_const}0-0	-	1:1	-	-
DPM_R2	DPM16	AGGTCTATT	1:0:1	1:9:0	1	{DPM_const}0-0	-	1:1	-	-
DPM_R2	DPM17	AGAAGGCTT	1:0:1	1:9:0	1	{DPM_const}0-0	-	1:1	-	-
DPM_R2	DPM18	GGTTTGATT	1:0:1	1:9:0	1	{DPM_const}0-0	-	1:1	-	-
DPM_R2	DPM19	GAACTCCTT	1:0:1	1:9:0	1	{DPM_const}0-0	-	1:1	-	-
DPM_R2	DPM20	CTTCTCATT	1:0:1	1:9:0	1	{DPM_const}0-0	-	1:1	-	-
DPM_R2	DPM21	ACTTGCCTT	1:0:1	1:9:0	1	{DPM_const}0-0	-	1:1	-	-
DPM_R2	DPM22	TGATGCATT	1:0:1	1:9:0	1	{DPM_const}0-0	-	1:1	-	-
DPM_R2	DPM23	AACCCACTT	1:0:1	1:9:0	1	{DPM_const}0-0	-	1:1	-	-
DPM_R2	DPM24	CGAGCAATT	1:0:1	1:9:0	1	{DPM_const}0-0	-	1:1	-	-
DPM_R2	DPM25	GCAGATTGT	1:0:1	1:9:0	1	{DPM_const}0-0	-	1:1	-	-
DPM_R2	DPM26	TTGGTTGGT	1:0:1	1:9:0	1	{DPM_const}0-0	-	1:1	-	-
DPM_R2	DPM27	TGCAATTGT	1:0:1	1:9:0	1	{DPM_const}0-0	-	1:1	-	-
DPM_R2	DPM28	GACGCTGGT	1:0:1	1:9:0	1	{DPM_const}0-0	-	1:1	-	-
DPM_R2	DPM29	TTACAGTGT	1:0:1	1:9:0	1	{DPM_const}0-0	-	1:1	-	-
DPM_R2	DPM30	ACGAATGGT	1:0:1	1:9:0	1	{DPM_const}0-0	-	1:1	-	-
DPM_R2	DPM31	GTCTTCTGT	1:0:1	1:9:0	1	{DPM_const}0-0	-	1:1	-	-
DPM_R2	DPM32	GCATCGGGT	1:0:1	1:9:0	1	{DPM_const}0-0	-	1:1	-	-
DPM_R2	DPM33	AGCGCCTGT	1:0:1	1:9:0	1	{DPM_const}0-0	-	1:1	-	-
DPM_R2	DPM34	TAAAGAGGT	1:0:1	1:9:0	1	{DPM_const}0-0	-	1:1	-	-
DPM_R2	DPM35	CATTTATGT	1:0:1	1:9:0	1	{DPM_const}0-0	-	1:1	-	-
DPM_R2	DPM36	GTGCCAGGT	1:0:1	1:9:0	1	{DPM_const}0-0	-	1:1	-	-
DPM_R2	DPM37	TCTATGCGT	1:0:1	1:9:0	1	{DPM_const}0-0	-	1:1	-	-
DPM_R2	DPM38	ATAAGTAGT	1:0:1	1:9:0	1	{DPM_const}0-0	-	1:1	-	-
DPM_R2	DPM39	GGCCAGCGT	1:0:1	1:9:0	1	{DPM_const}0-0	-	1:1	-	-
DPM_R2	DPM40	CATAATAGT	1:0:1	1:9:0	1	{DPM_const}0-0	-	1:1	-	-
DPM_R2	DPM41	CTGATCCGT	1:0:1	1:9:0	1	{DPM_const}0-0	-	1:1	-	-
DPM_R2	DPM42	GTTGGGAGT	1:0:1	1:9:0	1	{DPM_const}0-0	-	1:1	-	-
DPM_R2	DPM43	TGGCCCCGT	1:0:1	1:9:0	1	{DPM_const}0-0	-	1:1	-	-
DPM_R2	DPM44	TACTCGAGT	1:0:1	1:9:0	1	{DPM_const}0-0	-	1:1	-	-
DPM_R2	DPM45	ACGTTACGT	1:0:1	1:9:0	1	{DPM_const}0-0	-	1:1	-	-
DPM_R2	DPM46	ACGGGCAGT	1:0:1	1:9:0	1	{DPM_const}0-0	-	1:1	-	-
DPM_R2	DPM47	CGCTCACGT	1:0:1	1:9:0	1	{DPM_const}0-0	-	1:1	-	-
DPM_R2	DPM48	GAGTACAGT	1:0:1	1:9:0	1	{DPM_const}0-0	-	1:1	-	-
DPM_R2	DPM49	GGACTTTCT	1:0:1	1:9:0	1	{DPM_const}0-0	-	1:1	-	-
DPM_R2	DPM50	CCTCTTGCT	1:0:1	1:9:0	1	{DPM_const}0-0	-	1:1	-	-
DPM_R2	DPM51	ATCCATTCT	1:0:1	1:9:0	1	{DPM_const}0-0	-	1:1	-	-
DPM_R2	DPM52	ATGTGGGCT	1:0:1	1:9:0	1	{DPM_const}0-0	-	1:1	-	-
DPM_R2	DPM53	CCTAGGTCT	1:0:1	1:9:0	1	{DPM_const}0-0	-	1:1	-	-
DPM_R2	DPM54	TCGCCGGCT	1:0:1	1:9:0	1	{DPM_const}0-0	-	1:1	-	-
DPM_R2	DPM55	TTGAGCTCT	1:0:1	1:9:0	1	{DPM_const}0-0	-	1:1	-	-
DPM_R2	DPM56	CACTAGGCT	1:0:1	1:9:0	1	{DPM_const}0-0	-	1:1	-	-
DPM_R2	DPM57	GACAACTCT	1:0:1	1:9:0	1	{DPM_const}0-0	-	1:1	-	-
DPM_R2	DPM58	TGTATCGCT	1:0:1	1:9:0	1	{DPM_const}0-0	-	1:1	-	-
DPM_R2	DPM59	TGTCGATCT	1:0:1	1:9:0	1	{DPM_const}0-0	-	1:1	-	-
DPM_R2	DPM60	GAGGGAGCT	1:0:1	1:9:0	1	{DPM_const}0-0	-	1:1	-	-
DPM_R2	DPM61	GCCGTGCCT	1:0:1	1:9:0	1	{DPM_const}0-0	-	1:1	-	-
DPM_R2	DPM62	AAGCTTACT	1:0:1	1:9:0	1	{DPM_const}0-0	-	1:1	-	-
DPM_R2	DPM63	AATCTGCCT	1:0:1	1:9:0	1	{DPM_const}0-0	-	1:1	-	-
DPM_R2	DPM64	GCGACTACT	1:0:1	1:9:0	1	{DPM_const}0-0	-	1:1	-	-
DPM_R2	DPM65	CTACCGCCT	1:0:1	1:9:0	1	{DPM_const}0-0	-	1:1	-	-
DPM_R2	DPM66	CCTTCCACT	1:0:1	1:9:0	1	{DPM_const}0-0	-	1:1	-	-
DPM_R2	DPM67	TGTTAGCCT	1:0:1	1:9:0	1	{DPM_const}0-0	-	1:1	-	-
DPM_R2	DPM68	TAACACACT	1:0:1	1:9:0	1	{DPM_const}0-0	-	1:1	-	-
DPM_R2	DPM69	ATAGTCCCT	1:0:1	1:9:0	1	{DPM_const}0-0	-	1:1	-	-
DPM_R2	DPM70	CAAATAACT	1:0:1	1:9:0	1	{DPM_const}0-0	-	1:1	-	-
DPM_R2	DPM71	GGATCCCCT	1:0:1	1:9:0	1	{DPM_const}0-0	-	1:1	-	-
DPM_R2	DPM72	TCCAAAACT	1:0:1	1:9:0	1	{DPM_const}0-0	-	1:1	-	-
DPM_R2	DPM73	AGTGTTTAT	1:0:1	1:9:0	1	{DPM_const}0-0	-	1:1	-	-
DPM_R2	DPM74	GGCATTGAT	1:0:1	1:9:0	1	{DPM_const}0-0	-	1:1	-	-
DPM_R2	DPM75	CCGATTTAT	1:0:1	1:9:0	1	{DPM_const}0-0	-	1:1	-	-
DPM_R2	DPM76	GTACTGGAT	1:0:1	1:9:0	1	{DPM_const}0-0	-	1:1	-	-
DPM_R2	DPM77	TACGGTTAT	1:0:1	1:9:0	1	{DPM_const}0-0	-	1:1	-	-
DPM_R2	DPM78	CCCGCGGAT	1:0:1	1:9:0	1	{DPM_const}0-0	-	1:1	-	-
DPM_R2	DPM79	AAACGCTAT	1:0:1	1:9:0	1	{DPM_const}0-0	-	1:1	-	-
DPM_R2	DPM80	CGATTCGAT	1:0:1	1:9:0	1	{DPM_const}0-0	-	1:1	-	-
DPM_R2	DPM81	ACCAGATAT	1:0:1	1:9:0	1	{DPM_const}0-0	-	1:1	-	-
DPM_R2	DPM82	TTTCGCGAT	1:0:1	1:9:0	1	{DPM_const}0-0	-	1:1	-	-
DPM_R2	DPM83	GAAACATAT	1:0:1	1:9:0	1	{DPM_const}0-0	-	1:1	-	-
DPM_R2	DPM84	AATTAAGAT	1:0:1	1:9:0	1	{DPM_const}0-0	-	1:1	-	-
DPM_R2	DPM85	GACTGGCAT	1:0:1	1:9:0	1	{DPM_const}0-0	-	1:1	-	-
DPM_R2	DPM86	TGCCTGAAT	1:0:1	1:9:0	1	{DPM_const}0-0	-	1:1	-	-
DPM_R2	DPM87	CGGGGGCAT	1:0:1	1:9:0	1	{DPM_const}0-0	-	1:1	-	-
DPM_R2	DPM88	AAAGCGAAT	1:0:1	1:9:0	1	{DPM_const}0-0	-	1:1	-	-
DPM_R2	DPM89	TTTGCGCAT	1:0:1	1:9:0	1	{DPM_const}0-0	-	1:1	-	-
DPM_R2	DPM90	GCTAAGAAT	1:0:1	1:9:0	1	{DPM_const}0-0	-	1:1	-	-
DPM_R2	DPM91	CCCCGCCAT	1:0:1	1:9:0	1	{DPM_const}0-0	-	1:1	-	-
DPM_R2	DPM92	GGGCGCAAT	1:0:1	1:9:0	1	{DPM_const}0-0	-	1:1	-	-
DPM_R2	DPM93	AGTACCCAT	1:0:1	1:9:0	1	{DPM_const}0-0	-	1:1	-	-
DPM_R2	DPM94	TCAACCAAT	1:0:1	1:9:0	1	{DPM_const}0-0	-	1:1	-	-
DPM_R2	DPM95	TCACAACAT	1:0:1	1:9:0	1	{DPM_const}0-0	-	1:1	-	-
DPM_R2	DPM96	ATGAACAAT	1:0:1	1:9:0	1	{DPM_const}0-0	-	1:1	-	-
# 3' processing										
DPMTop	3p_DPM_R1	AAAACACCCAAGATCGGAAGACATGACAAG	1:0:1	0	-	{{DPM_R1}}	1	-	2:0.03	1
DPMTop	3p_DPM_R1	AAACATGTCAAGATCGGAAGACATGACAAG	1:0:1	0	-	{{DPM_R1}}	1	-	2:0.03	1
DPMTop	3p_DPM_R1	AAAACCGCGCAGATCGGAAGACATGACAAG	1:0:1	0	-	{{DPM_R1}}	1	-	2:0.03	1
DPMTop	3p_DPM_R1	AAACCCGGCGAGATCGGAAGACATGACAAG	1:0:1	0	-	{{DPM_R1}}	1	-	2:0.03	1
DPMTop	3p_DPM_R1	AAAACGACAGAGATCGGAAGACATGACAAG	1:0:1	0	-	{{DPM_R1}}	1	-	2:0.03	1
DPMTop	3p_DPM_R1	AAACCTCTTCAGATCGGAAGACATGACAAG	1:0:1	0	-	{{DPM_R1}}	1	-	2:0.03	1
DPMTop	3p_DPM_R1	AAAACTTCTTAGATCGGAAGACATGACAAG	1:0:1	0	-	{{DPM_R1}}	1	-	2:0.03	1
DPMTop	3p_DPM_R1	AAACCTTGAAAGATCGGAAGACATGACAAG	1:0:1	0	-	{{DPM_R1}}	1	-	2:0.03	1
DPMTop	3p_DPM_R1	AAAAGAGGGAAGATCGGAAGACATGACAAG	1:0:1	0	-	{{DPM_R1}}	1	-	2:0.03	1
DPMTop	3p_DPM_R1	AAACGGCATAAGATCGGAAGACATGACAAG	1:0:1	0	-	{{DPM_R1}}	1	-	2:0.03	1
DPMTop	3p_DPM_R1	AAAATCATACAGATCGGAAGACATGACAAG	1:0:1	0	-	{{DPM_R1}}	1	-	2:0.03	1
DPMTop	3p_DPM_R1	AAACTATAATAGATCGGAAGACATGACAAG	1:0:1	0	-	{{DPM_R1}}	1	-	2:0.03	1
DPMTop	3p_DPM_R1	AAAGACTCGAAGATCGGAAGACATGACAAG	1:0:1	0	-	{{DPM_R1}}	1	-	2:0.03	1
DPMTop	3p_DPM_R1	AAATAAAGGGAGATCGGAAGACATGACAAG	1:0:1	0	-	{{DPM_R1}}	1	-	2:0.03	1
DPMTop	3p_DPM_R1	AAAGATGCTGAGATCGGAAGACATGACAAG	1:0:1	0	-	{{DPM_R1}}	1	-	2:0.03	1
DPMTop	3p_DPM_R1	AAATAGACCTAGATCGGAAGACATGACAAG	1:0:1	0	-	{{DPM_R1}}	1	-	2:0.03	1
DPMTop	3p_DPM_R1	AAAGCCTTCTAGATCGGAAGACATGACAAG	1:0:1	0	-	{{DPM_R1}}	1	-	2:0.03	1
DPMTop	3p_DPM_R1	AAATCAAACCAGATCGGAAGACATGACAAG	1:0:1	0	-	{{DPM_R1}}	1	-	2:0.03	1
DPMTop	3p_DPM_R1	AAAGGAGTTCAGATCGGAAGACATGACAAG	1:0:1	0	-	{{DPM_R1}}	1	-	2:0.03	1
DPMTop	3p_DPM_R1	AAATGAGAAGAGATCGGAAGACATGACAAG	1:0:1	0	-	{{DPM_R1}}	1	-	2:0.03	1
DPMTop	3p_DPM_R1	AAAGGCAAGTAGATCGGAAGACATGACAAG	1:0:1	0	-	{{DPM_R1}}	1	-	2:0.03	1
DPMTop	3p_DPM_R1	AAATGCATCAAGATCGGAAGACATGACAAG	1:0:1	0	-	{{DPM_R1}}	1	-	2:0.03	1
DPMTop	3p_DPM_R1	AAAGTGGGTTAGATCGGAAGACATGACAAG	1:0:1	0	-	{{DPM_R1}}	1	-	2:0.03	1
DPMTop	3p_DPM_R1	AAATTGCTCGAGATCGGAAGACATGACAAG	1:0:1	0	-	{{DPM_R1}}	1	-	2:0.03	1
DPMTop	3p_DPM_R1	AACAATCTGCAGATCGGAAGACATGACAAG	1:0:1	0	-	{{DPM_R1}}	1	-	2:0.03	1
DPMTop	3p_DPM_R1	AACCAACCAAAGATCGGAAGACATGACAAG	1:0:1	0	-	{{DPM_R1}}	1	-	2:0.03	1
DPMTop	3p_DPM_R1	AACAATTGCAAGATCGGAAGACATGACAAG	1:0:1	0	-	{{DPM_R1}}	1	-	2:0.03	1
DPMTop	3p_DPM_R1	AACCAGCGTCAGATCGGAAGACATGACAAG	1:0:1	0	-	{{DPM_R1}}	1	-	2:0.03	1
DPMTop	3p_DPM_R1	AACACTGTAAAGATCGGAAGACATGACAAG	1:0:1	0	-	{{DPM_R1}}	1	-	2:0.03	1
DPMTop	3p_DPM_R1	AACCATTCGTAGATCGGAAGACATGACAAG	1:0:1	0	-	{{DPM_R1}}	1	-	2:0.03	1
DPMTop	3p_DPM_R1	AACAGAAGACAGATCGGAAGACATGACAAG	1:0:1	0	-	{{DPM_R1}}	1	-	2:0.03	1
DPMTop	3p_DPM_R1	AACCCGATGCAGATCGGAAGACATGACAAG	1:0:1	0	-	{{DPM_R1}}	1	-	2:0.03	1
DPMTop	3p_DPM_R1	AACAGGCGCTAGATCGGAAGACATGACAAG	1:0:1	0	-	{{DPM_R1}}	1	-	2:0.03	1
DPMTop	3p_DPM_R1	AACCTCTTTAAGATCGGAAGACATGACAAG	1:0:1	0	-	{{DPM_R1}}	1	-	2:0.03	1
DPMTop	3p_DPM_R1	AACATAAATGAGATCGGAAGACATGACAAG	1:0:1	0	-	{{DPM_R1}}	1	-	2:0.03	1
DPMTop	3p_DPM_R1	AACCTGGCACAGATCGGAAGACATGACAAG	1:0:1	0	-	{{DPM_R1}}	1	-	2:0.03	1
DPMTop	3p_DPM_R1	AACGCATAGAAGATCGGAAGACATGACAAG	1:0:1	0	-	{{DPM_R1}}	1	-	2:0.03	1
DPMTop	3p_DPM_R1	AACTACTTATAGATCGGAAGACATGACAAG	1:0:1	0	-	{{DPM_R1}}	1	-	2:0.03	1
DPMTop	3p_DPM_R1	AACGCTGGCCAGATCGGAAGACATGACAAG	1:0:1	0	-	{{DPM_R1}}	1	-	2:0.03	1
DPMTop	3p_DPM_R1	AACTATTATGAGATCGGAAGACATGACAAG	1:0:1	0	-	{{DPM_R1}}	1	-	2:0.03	1
DPMTop	3p_DPM_R1	AACGGATCAGAGATCGGAAGACATGACAAG	1:0:1	0	-	{{DPM_R1}}	1	-	2:0.03	1
DPMTop	3p_DPM_R1	AACTCCCAACAGATCGGAAGACATGACAAG	1:0:1	0	-	{{DPM_R1}}	1	-	2:0.03	1
DPMTop	3p_DPM_R1	AACGGGGCCAAGATCGGAAGACATGACAAG	1:0:1	0	-	{{DPM_R1}}	1	-	2:0.03	1
DPMTop	3p_DPM_R1	AACTCGAGTAAGATCGGAAGACATGACAAG	1:0:1	0	-	{{DPM_R1}}	1	-	2:0.03	1
DPMTop	3p_DPM_R1	AACGTAACGTAGATCGGAAGACATGACAAG	1:0:1	0	-	{{DPM_R1}}	1	-	2:0.03	1
DPMTop	3p_DPM_R1	AACTGCCCGTAGATCGGAAGACATGACAAG	1:0:1	0	-	{{DPM_R1}}	1	-	2:0.03	1
DPMTop	3p_DPM_R1	AACGTGAGCGAGATCGGAAGACATGACAAG	1:0:1	0	-	{{DPM_R1}}	1	-	2:0.03	1
DPMTop	3p_DPM_R1	AACTGTACTCAGATCGGAAGACATGACAAG	1:0:1	0	-	{{DPM_R1}}	1	-	2:0.03	1
DPMTop	3p_DPM_R1	AAGAAAGTCCAGATCGGAAGACATGACAAG	1:0:1	0	-	{{DPM_R1}}	1	-	2:0.03	1
DPMTop	3p_DPM_R1	AAGCAAGAGGAGATCGGAAGACATGACAAG	1:0:1	0	-	{{DPM_R1}}	1	-	2:0.03	1
DPMTop	3p_DPM_R1	AAGAATGGATAGATCGGAAGACATGACAAG	1:0:1	0	-	{{DPM_R1}}	1	-	2:0.03	1
DPMTop	3p_DPM_R1	AAGCCCACATAGATCGGAAGACATGACAAG	1:0:1	0	-	{{DPM_R1}}	1	-	2:0.03	1
DPMTop	3p_DPM_R1	AAGACCTAGGAGATCGGAAGACATGACAAG	1:0:1	0	-	{{DPM_R1}}	1	-	2:0.03	1
DPMTop	3p_DPM_R1	AAGCCGGCGAAGATCGGAAGACATGACAAG	1:0:1	0	-	{{DPM_R1}}	1	-	2:0.03	1
DPMTop	3p_DPM_R1	AAGAGCTCAAAGATCGGAAGACATGACAAG	1:0:1	0	-	{{DPM_R1}}	1	-	2:0.03	1
DPMTop	3p_DPM_R1	AAGCCTAGTGAGATCGGAAGACATGACAAG	1:0:1	0	-	{{DPM_R1}}	1	-	2:0.03	1
DPMTop	3p_DPM_R1	AAGAGTTGTCAGATCGGAAGACATGACAAG	1:0:1	0	-	{{DPM_R1}}	1	-	2:0.03	1
DPMTop	3p_DPM_R1	AAGCGATACAAGATCGGAAGACATGACAAG	1:0:1	0	-	{{DPM_R1}}	1	-	2:0.03	1
DPMTop	3p_DPM_R1	AAGATCGACAAGATCGGAAGACATGACAAG	1:0:1	0	-	{{DPM_R1}}	1	-	2:0.03	1
DPMTop	3p_DPM_R1	AAGCTCCCTCAGATCGGAAGACATGACAAG	1:0:1	0	-	{{DPM_R1}}	1	-	2:0.03	1
DPMTop	3p_DPM_R1	AAGGCACGGCAGATCGGAAGACATGACAAG	1:0:1	0	-	{{DPM_R1}}	1	-	2:0.03	1
DPMTop	3p_DPM_R1	AAGTAAGCTTAGATCGGAAGACATGACAAG	1:0:1	0	-	{{DPM_R1}}	1	-	2:0.03	1
DPMTop	3p_DPM_R1	AAGGCAGATTAGATCGGAAGACATGACAAG	1:0:1	0	-	{{DPM_R1}}	1	-	2:0.03	1
DPMTop	3p_DPM_R1	AAGTAGTCGCAGATCGGAAGACATGACAAG	1:0:1	0	-	{{DPM_R1}}	1	-	2:0.03	1
DPMTop	3p_DPM_R1	AAGGCGGTAGAGATCGGAAGACATGACAAG	1:0:1	0	-	{{DPM_R1}}	1	-	2:0.03	1
DPMTop	3p_DPM_R1	AAGTGGAAGGAGATCGGAAGACATGACAAG	1:0:1	0	-	{{DPM_R1}}	1	-	2:0.03	1
DPMTop	3p_DPM_R1	AAGGCTAACAAGATCGGAAGACATGACAAG	1:0:1	0	-	{{DPM_R1}}	1	-	2:0.03	1
DPMTop	3p_DPM_R1	AAGTGTGTTAAGATCGGAAGACATGACAAG	1:0:1	0	-	{{DPM_R1}}	1	-	2:0.03	1
DPMTop	3p_DPM_R1	AAGGGACTATAGATCGGAAGACATGACAAG	1:0:1	0	-	{{DPM_R1}}	1	-	2:0.03	1
DPMTop	3p_DPM_R1	AAGTTATTTGAGATCGGAAGACATGACAAG	1:0:1	0	-	{{DPM_R1}}	1	-	2:0.03	1
DPMTop	3p_DPM_R1	AAGGGGATCCAGATCGGAAGACATGACAAG	1:0:1	0	-	{{DPM_R1}}	1	-	2:0.03	1
DPMTop	3p_DPM_R1	AAGTTTTGGAAGATCGGAAGACATGACAAG	1:0:1	0	-	{{DPM_R1}}	1	-	2:0.03	1
DPMTop	3p_DPM_R1	AATAAACACTAGATCGGAAGACATGACAAG	1:0:1	0	-	{{DPM_R1}}	1	-	2:0.03	1
DPMTop	3p_DPM_R1	AATCAATGCCAGATCGGAAGACATGACAAG	1:0:1	0	-	{{DPM_R1}}	1	-	2:0.03	1
DPMTop	3p_DPM_R1	AATAAATCGGAGATCGGAAGACATGACAAG	1:0:1	0	-	{{DPM_R1}}	1	-	2:0.03	1
DPMTop	3p_DPM_R1	AATCCAGTACAGATCGGAAGACATGACAAG	1:0:1	0	-	{{DPM_R1}}	1	-	2:0.03	1
DPMTop	3p_DPM_R1	AATAACCGTAAGATCGGAAGACATGACAAG	1:0:1	0	-	{{DPM_R1}}	1	-	2:0.03	1
DPMTop	3p_DPM_R1	AATCCGCGGGAGATCGGAAGACATGACAAG	1:0:1	0	-	{{DPM_R1}}	1	-	2:0.03	1
DPMTop	3p_DPM_R1	AATAGCGTTTAGATCGGAAGACATGACAAG	1:0:1	0	-	{{DPM_R1}}	1	-	2:0.03	1
DPMTop	3p_DPM_R1	AATCGAATCGAGATCGGAAGACATGACAAG	1:0:1	0	-	{{DPM_R1}}	1	-	2:0.03	1
DPMTop	3p_DPM_R1	AATATCTGGTAGATCGGAAGACATGACAAG	1:0:1	0	-	{{DPM_R1}}	1	-	2:0.03	1
DPMTop	3p_DPM_R1	AATCGCGAAAAGATCGGAAGACATGACAAG	1:0:1	0	-	{{DPM_R1}}	1	-	2:0.03	1
DPMTop	3p_DPM_R1	AATATGTTTCAGATCGGAAGACATGACAAG	1:0:1	0	-	{{DPM_R1}}	1	-	2:0.03	1
DPMTop	3p_DPM_R1	AATCTTAATTAGATCGGAAGACATGACAAG	1:0:1	0	-	{{DPM_R1}}	1	-	2:0.03	1
DPMTop	3p_DPM_R1	AATGCCAGTCAGATCGGAAGACATGACAAG	1:0:1	0	-	{{DPM_R1}}	1	-	2:0.03	1
DPMTop	3p_DPM_R1	AATTCAGGCAAGATCGGAAGACATGACAAG	1:0:1	0	-	{{DPM_R1}}	1	-	2:0.03	1
DPMTop	3p_DPM_R1	AATGCCCCCGAGATCGGAAGACATGACAAG	1:0:1	0	-	{{DPM_R1}}	1	-	2:0.03	1
DPMTop	3p_DPM_R1	AATTCGCTTTAGATCGGAAGACATGACAAG	1:0:1	0	-	{{DPM_R1}}	1	-	2:0.03	1
DPMTop	3p_DPM_R1	AATGCGCAAAAGATCGGAAGACATGACAAG	1:0:1	0	-	{{DPM_R1}}	1	-	2:0.03	1
DPMTop	3p_DPM_R1	AATTCTTAGCAGATCGGAAGACATGACAAG	1:0:1	0	-	{{DPM_R1}}	1	-	2:0.03	1
DPMTop	3p_DPM_R1	AATGGCGGGGAGATCGGAAGACATGACAAG	1:0:1	0	-	{{DPM_R1}}	1	-	2:0.03	1
DPMTop	3p_DPM_R1	AATTGCGCCCAGATCGGAAGACATGACAAG	1:0:1	0	-	{{DPM_R1}}	1	-	2:0.03	1
DPMTop	3p_DPM_R1	AATGGGTACTAGATCGGAAGACATGACAAG	1:0:1	0	-	{{DPM_R1}}	1	-	2:0.03	1
DPMTop	3p_DPM_R1	AATTGGTTGAAGATCGGAAGACATGACAAG	1:0:1	0	-	{{DPM_R1}}	1	-	2:0.03	1
DPMTop	3p_DPM_R1	AATGTTGTGAAGATCGGAAGACATGACAAG	1:0:1	0	-	{{DPM_R1}}	1	-	2:0.03	1
DPMTop	3p_DPM_R1	AATTGTTCATAGATCGGAAGACATGACAAG	1:0:1	0	-	{{DPM_R1}}	1	-	2:0.03	1
DPMTop	3p_DPM_R1	AAACACCCAAGATCGGAAGACATGACAAG	1:1:1	0	-	{{DPM_R1}}	1	-	2:0.03	1
DPMTop	3p_DPM_R1	AACATGTCAAGATCGGAAGACATGACAAG	1:1:1	0	-	{{DPM_R1}}	1	-	2:0.03	1
DPMTop	3p_DPM_R1	AAACCGCGCAGATCGGAAGACATGACAAG	1:1:1	0	-	{{DPM_R1}}	1	-	2:0.03	1
DPMTop	3p_DPM_R1	AACCCGGCGAGATCGGAAGACATGACAAG	1:1:1	0	-	{{DPM_R1}}	1	-	2:0.03	1
DPMTop	3p_DPM_R1	AAACGACAGAGATCGGAAGACATGACAAG	1:1:1	0	-	{{DPM_R1}}	1	-	2:0.03	1
DPMTop	3p_DPM_R1	AACCTCTTCAGATCGGAAGACATGACAAG	1:1:1	0	-	{{DPM_R1}}	1	-	2:0.03	1
DPMTop	3p_DPM_R1	AAACTTCTTAGATCGGAAGACATGACAAG	1:1:1	0	-	{{DPM_R1}}	1	-	2:0.03	1
DPMTop	3p_DPM_R1	AACCTTGAAAGATCGGAAGACATGACAAG	1:1:1	0	-	{{DPM_R1}}	1	-	2:0.03	1
DPMTop	3p_DPM_R1	AAAGAGGGAAGATCGGAAGACATGACAAG	1:1:1	0	-	{{DPM_R1}}	1	-	2:0.03	1
DPMTop	3p_DPM_R1	AACGGCATAAGATCGGAAGACATGACAAG	1:1:1	0	-	{{DPM_R1}}	1	-	2:0.03	1
DPMTop	3p_DPM_R1	AAATCATACAGATCGGAAGACATGACAAG	1:1:1	0	-	{{DPM_R1}}	1	-	2:0.03	1
DPMTop	3p_DPM_R1	AACTATAATAGATCGGAAGACATGACAAG	1:1:1	0	-	{{DPM_R1}}	1	-	2:0.03	1
DPMTop	3p_DPM_R1	AAGACTCGAAGATCGGAAGACATGACAAG	1:1:1	0	-	{{DPM_R1}}	1	-	2:0.03	1
DPMTop	3p_DPM_R1	AATAAAGGGAGATCGGAAGACATGACAAG	1:1:1	0	-	{{DPM_R1}}	1	-	2:0.03	1
DPMTop	3p_DPM_R1	AAGATGCTGAGATCGGAAGACATGACAAG	1:1:1	0	-	{{DPM_R1}}	1	-	2:0.03	1
DPMTop	3p_DPM_R1	AATAGACCTAGATCGGAAGACATGACAAG	1:1:1	0	-	{{DPM_R1}}	1	-	2:0.03	1
DPMTop	3p_DPM_R1	AAGCCTTCTAGATCGGAAGACATGACAAG	1:1:1	0	-	{{DPM_R1}}	1	-	2:0.03	1
DPMTop	3p_DPM_R1	AATCAAACCAGATCGGAAGACATGACAAG	1:1:1	0	-	{{DPM_R1}}	1	-	2:0.03	1
DPMTop	3p_DPM_R1	AAGGAGTTCAGATCGGAAGACATGACAAG	1:1:1	0	-	{{DPM_R1}}	1	-	2:0.03	1
DPMTop	3p_DPM_R1	AATGAGAAGAGATCGGAAGACATGACAAG	1:1:1	0	-	{{DPM_R1}}	1	-	2:0.03	1
DPMTop	3p_DPM_R1	AAGGCAAGTAGATCGGAAGACATGACAAG	1:1:1	0	-	{{DPM_R1}}	1	-	2:0.03	1
DPMTop	3p_DPM_R1	AATGCATCAAGATCGGAAGACATGACAAG	1:1:1	0	-	{{DPM_R1}}	1	-	2:0.03	1
DPMTop	3p_DPM_R1	AAGTGGGTTAGATCGGAAGACATGACAAG	1:1:1	0	-	{{DPM_R1}}	1	-	2:0.03	1
DPMTop	3p_DPM_R1	AATTGCTCGAGATCGGAAGACATGACAAG	1:1:1	0	-	{{DPM_R1}}	1	-	2:0.03	1
DPMTop	3p_DPM_R1	ACAATCTGCAGATCGGAAGACATGACAAG	1:1:1	0	-	{{DPM_R1}}	1	-	2:0.03	1
DPMTop	3p_DPM_R1	ACCAACCAAAGATCGGAAGACATGACAAG	1:1:1	0	-	{{DPM_R1}}	1	-	2:0.03	1
DPMTop	3p_DPM_R1	ACAATTGCAAGATCGGAAGACATGACAAG	1:1:1	0	-	{{DPM_R1}}	1	-	2:0.03	1
DPMTop	3p_DPM_R1	ACCAGCGTCAGATCGGAAGACATGACAAG	1:1:1	0	-	{{DPM_R1}}	1	-	2:0.03	1
DPMTop	3p_DPM_R1	ACACTGTAAAGATCGGAAGACATGACAAG	1:1:1	0	-	{{DPM_R1}}	1	-	2:0.03	1
DPMTop	3p_DPM_R1	ACCATTCGTAGATCGGAAGACATGACAAG	1:1:1	0	-	{{DPM_R1}}	1	-	2:0.03	1
DPMTop	3p_DPM_R1	ACAGAAGACAGATCGGAAGACATGACAAG	1:1:1	0	-	{{DPM_R1}}	1	-	2:0.03	1
DPMTop	3p_DPM_R1	ACCCGATGCAGATCGGAAGACATGACAAG	1:1:1	0	-	{{DPM_R1}}	1	-	2:0.03	1
DPMTop	3p_DPM_R1	ACAGGCGCTAGATCGGAAGACATGACAAG	1:1:1	0	-	{{DPM_R1}}	1	-	2:0.03	1
DPMTop	3p_DPM_R1	ACCTCTTTAAGATCGGAAGACATGACAAG	1:1:1	0	-	{{DPM_R1}}	1	-	2:0.03	1
DPMTop	3p_DPM_R1	ACATAAATGAGATCGGAAGACATGACAAG	1:1:1	0	-	{{DPM_R1}}	1	-	2:0.03	1
DPMTop	3p_DPM_R1	ACCTGGCACAGATCGGAAGACATGACAAG	1:1:1	0	-	{{DPM_R1}}	1	-	2:0.03	1
DPMTop	3p_DPM_R1	ACGCATAGAAGATCGGAAGACATGACAAG	1:1:1	0	-	{{DPM_R1}}	1	-	2:0.03	1
DPMTop	3p_DPM_R1	ACTACTTATAGATCGGAAGACATGACAAG	1:1:1	0	-	{{DPM_R1}}	1	-	2:0.03	1
DPMTop	3p_DPM_R1	ACGCTGGCCAGATCGGAAGACATGACAAG	1:1:1	0	-	{{DPM_R1}}	1	-	2:0.03	1
DPMTop	3p_DPM_R1	ACTATTATGAGATCGGAAGACATGACAAG	1:1:1	0	-	{{DPM_R1}}	1	-	2:0.03	1
DPMTop	3p_DPM_R1	ACGGATCAGAGATCGGAAGACATGACAAG	1:1:1	0	-	{{DPM_R1}}	1	-	2:0.03	1
DPMTop	3p_DPM_R1	ACTCCCAACAGATCGGAAGACATGACAAG	1:1:1	0	-	{{DPM_R1}}	1	-	2:0.03	1
DPMTop	3p_DPM_R1	ACGGGGCCAAGATCGGAAGACATGACAAG	1:1:1	0	-	{{DPM_R1}}	1	-	2:0.03	1
DPMTop	3p_DPM_R1	ACTCGAGTAAGATCGGAAGACATGACAAG	1:1:1	0	-	{{DPM_R1}}	1	-	2:0.03	1
DPMTop	3p_DPM_R1	ACGTAACGTAGATCGGAAGACATGACAAG	1:1:1	0	-	{{DPM_R1}}	1	-	2:0.03	1
DPMTop	3p_DPM_R1	ACTGCCCGTAGATCGGAAGACATGACAAG	1:1:1	0	-	{{DPM_R1}}	1	-	2:0.03	1
DPMTop	3p_DPM_R1	ACGTGAGCGAGATCGGAAGACATGACAAG	1:1:1	0	-	{{DPM_R1}}	1	-	2:0.03	1
DPMTop	3p_DPM_R1	ACTGTACTCAGATCGGAAGACATGACAAG	1:1:1	0	-	{{DPM_R1}}	1	-	2:0.03	1
DPMTop	3p_DPM_R1	AGAAAGTCCAGATCGGAAGACATGACAAG	1:1:1	0	-	{{DPM_R1}}	1	-	2:0.03	1
DPMTop	3p_DPM_R1	AGCAAGAGGAGATCGGAAGACATGACAAG	1:1:1	0	-	{{DPM_R1}}	1	-	2:0.03	1
DPMTop	3p_DPM_R1	AGAATGGATAGATCGGAAGACATGACAAG	1:1:1	0	-	{{DPM_R1}}	1	-	2:0.03	1
DPMTop	3p_DPM_R1	AGCCCACATAGATCGGAAGACATGACAAG	1:1:1	0	-	{{DPM_R1}}	1	-	2:0.03	1
DPMTop	3p_DPM_R1	AGACCTAGGAGATCGGAAGACATGACAAG	1:1:1	0	-	{{DPM_R1}}	1	-	2:0.03	1
DPMTop	3p_DPM_R1	AGCCGGCGAAGATCGGAAGACATGACAAG	1:1:1	0	-	{{DPM_R1}}	1	-	2:0.03	1
DPMTop	3p_DPM_R1	AGAGCTCAAAGATCGGAAGACATGACAAG	1:1:1	0	-	{{DPM_R1}}	1	-	2:0.03	1
DPMTop	3p_DPM_R1	AGCCTAGTGAGATCGGAAGACATGACAAG	1:1:1	0	-	{{DPM_R1}}	1	-	2:0.03	1
DPMTop	3p_DPM_R1	AGAGTTGTCAGATCGGAAGACATGACAAG	1:1:1	0	-	{{DPM_R1}}	1	-	2:0.03	1
DPMTop	3p_DPM_R1	AGCGATACAAGATCGGAAGACATGACAAG	1:1:1	0	-	{{DPM_R1}}	1	-	2:0.03	1
DPMTop	3p_DPM_R1	AGATCGACAAGATCGGAAGACATGACAAG	1:1:1	0	-	{{DPM_R1}}	1	-	2:0.03	1
DPMTop	3p_DPM_R1	AGCTCCCTCAGATCGGAAGACATGACAAG	1:1:1	0	-	{{DPM_R1}}	1	-	2:0.03	1
DPMTop	3p_DPM_R1	AGGCACGGCAGATCGGAAGACATGACAAG	1:1:1	0	-	{{DPM_R1}}	1	-	2:0.03	1
DPMTop	3p_DPM_R1	AGTAAGCTTAGATCGGAAGACATGACAAG	1:1:1	0	-	{{DPM_R1}}	1	-	2:0.03	1
DPMTop	3p_DPM_R1	AGGCAGATTAGATCGGAAGACATGACAAG	1:1:1	0	-	{{DPM_R1}}	1	-	2:0.03	1
DPMTop	3p_DPM_R1	AGTAGTCGCAGATCGGAAGACATGACAAG	1:1:1	0	-	{{DPM_R1}}	1	-	2:0.03	1
DPMTop	3p_DPM_R1	AGGCGGTAGAGATCGGAAGACATGACAAG	1:1:1	0	-	{{DPM_R1}}	1	-	2:0.03	1
DPMTop	3p_DPM_R1	AGTGGAAGGAGATCGGAAGACATGACAAG	1:1:1	0	-	{{DPM_R1}}	1	-	2:0.03	1
DPMTop	3p_DPM_R1	AGGCTAACAAGATCGGAAGACATGACAAG	1:1:1	0	-	{{DPM_R1}}	1	-	2:0.03	1
DPMTop	3p_DPM_R1	AGTGTGTTAAGATCGGAAGACATGACAAG	1:1:1	0	-	{{DPM_R1}}	1	-	2:0.03	1
DPMTop	3p_DPM_R1	AGGGACTATAGATCGGAAGACATGACAAG	1:1:1	0	-	{{DPM_R1}}	1	-	2:0.03	1
DPMTop	3p_DPM_R1	AGTTATTTGAGATCGGAAGACATGACAAG	1:1:1	0	-	{{DPM_R1}}	1	-	2:0.03	1
DPMTop	3p_DPM_R1	AGGGGATCCAGATCGGAAGACATGACAAG	1:1:1	0	-	{{DPM_R1}}	1	-	2:0.03	1
DPMTop	3p_DPM_R1	AGTTTTGGAAGATCGGAAGACATGACAAG	1:1:1	0	-	{{DPM_R1}}	1	-	2:0.03	1
DPMTop	3p_DPM_R1	ATAAACACTAGATCGGAAGACATGACAAG	1:1:1	0	-	{{DPM_R1}}	1	-	2:0.03	1
DPMTop	3p_DPM_R1	ATCAATGCCAGATCGGAAGACATGACAAG	1:1:1	0	-	{{DPM_R1}}	1	-	2:0.03	1
DPMTop	3p_DPM_R1	ATAAATCGGAGATCGGAAGACATGACAAG	1:1:1	0	-	{{DPM_R1}}	1	-	2:0.03	1
DPMTop	3p_DPM_R1	ATCCAGTACAGATCGGAAGACATGACAAG	1:1:1	0	-	{{DPM_R1}}	1	-	2:0.03	1
DPMTop	3p_DPM_R1	ATAACCGTAAGATCGGAAGACATGACAAG	1:1:1	0	-	{{DPM_R1}}	1	-	2:0.03	1
DPMTop	3p_DPM_R1	ATCCGCGGGAGATCGGAAGACATGACAAG	1:1:1	0	-	{{DPM_R1}}	1	-	2:0.03	1
DPMTop	3p_DPM_R1	ATAGCGTTTAGATCGGAAGACATGACAAG	1:1:1	0	-	{{DPM_R1}}	1	-	2:0.03	1
DPMTop	3p_DPM_R1	ATCGAATCGAGATCGGAAGACATGACAAG	1:1:1	0	-	{{DPM_R1}}	1	-	2:0.03	1
DPMTop	3p_DPM_R1	ATATCTGGTAGATCGGAAGACATGACAAG	1:1:1	0	-	{{DPM_R1}}	1	-	2:0.03	1
DPMTop	3p_DPM_R1	ATCGCGAAAAGATCGGAAGACATGACAAG	1:1:1	0	-	{{DPM_R1}}	1	-	2:0.03	1
DPMTop	3p_DPM_R1	ATATGTTTCAGATCGGAAGACATGACAAG	1:1:1	0	-	{{DPM_R1}}	1	-	2:0.03	1
DPMTop	3p_DPM_R1	ATCTTAATTAGATCGGAAGACATGACAAG	1:1:1	0	-	{{DPM_R1}}	1	-	2:0.03	1
DPMTop	3p_DPM_R1	ATGCCAGTCAGATCGGAAGACATGACAAG	1:1:1	0	-	{{DPM_R1}}	1	-	2:0.03	1
DPMTop	3p_DPM_R1	ATTCAGGCAAGATCGGAAGACATGACAAG	1:1:1	0	-	{{DPM_R1}}	1	-	2:0.03	1
DPMTop	3p_DPM_R1	ATGCCCCCGAGATCGGAAGACATGACAAG	1:1:1	0	-	{{DPM_R1}}	1	-	2:0.03	1
DPMTop	3p_DPM_R1	ATTCGCTTTAGATCGGAAGACATGACAAG	1:1:1	0	-	{{DPM_R1}}	1	-	2:0.03	1
DPMTop	3p_DPM_R1	ATGCGCAAAAGATCGGAAGACATGACAAG	1:1:1	0	-	{{DPM_R1}}	1	-	2:0.03	1
DPMTop	3p_DPM_R1	ATTCTTAGCAGATCGGAAGACATGACAAG	1:1:1	0	-	{{DPM_R1}}	1	-	2:0.03	1
DPMTop	3p_DPM_R1	ATGGCGGGGAGATCGGAAGACATGACAAG	1:1:1	0	-	{{DPM_R1}}	1	-	2:0.03	1
DPMTop	3p_DPM_R1	ATTGCGCCCAGATCGGAAGACATGACAAG	1:1:1	0	-	{{DPM_R1}}	1	-	2:0.03	1
DPMTop	3p_DPM_R1	ATGGGTACTAGATCGGAAGACATGACAAG	1:1:1	0	-	{{DPM_R1}}	1	-	2:0.03	1
DPMTop	3p_DPM_R1	ATTGGTTGAAGATCGGAAGACATGACAAG	1:1:1	0	-	{{DPM_R1}}	1	-	2:0.03	1
DPMTop	3p_DPM_R1	ATGTTGTGAAGATCGGAAGACATGACAAG	1:1:1	0	-	{{DPM_R1}}	1	-	2:0.03	1
DPMTop	3p_DPM_R1	ATTGTTCATAGATCGGAAGACATGACAAG	1:1:1	0	-	{{DPM_R1}}	1	-	2:0.03	1
DPMTop	3p_DPM_R2	AAAACACCCAAGATCGGAAGAGCGTCGTGT	1:0:1	1	-	{{DPM_R2}}	1	-	2:0.03	1
DPMTop	3p_DPM_R2	AAACATGTCAAGATCGGAAGAGCGTCGTGT	1:0:1	1	-	{{DPM_R2}}	1	-	2:0.03	1
DPMTop	3p_DPM_R2	AAAACCGCGCAGATCGGAAGAGCGTCGTGT	1:0:1	1	-	{{DPM_R2}}	1	-	2:0.03	1
DPMTop	3p_DPM_R2	AAACCCGGCGAGATCGGAAGAGCGTCGTGT	1:0:1	1	-	{{DPM_R2}}	1	-	2:0.03	1
DPMTop	3p_DPM_R2	AAAACGACAGAGATCGGAAGAGCGTCGTGT	1:0:1	1	-	{{DPM_R2}}	1	-	2:0.03	1
DPMTop	3p_DPM_R2	AAACCTCTTCAGATCGGAAGAGCGTCGTGT	1:0:1	1	-	{{DPM_R2}}	1	-	2:0.03	1
DPMTop	3p_DPM_R2	AAAACTTCTTAGATCGGAAGAGCGTCGTGT	1:0:1	1	-	{{DPM_R2}}	1	-	2:0.03	1
DPMTop	3p_DPM_R2	AAACCTTGAAAGATCGGAAGAGCGTCGTGT	1:0:1	1	-	{{DPM_R2}}	1	-	2:0.03	1
DPMTop	3p_DPM_R2	AAAAGAGGGAAGATCGGAAGAGCGTCGTGT	1:0:1	1	-	{{DPM_R2}}	1	-	2:0.03	1
DPMTop	3p_DPM_R2	AAACGGCATAAGATCGGAAGAGCGTCGTGT	1:0:1	1	-	{{DPM_R2}}	1	-	2:0.03	1
DPMTop	3p_DPM_R2	AAAATCATACAGATCGGAAGAGCGTCGTGT	1:0:1	1	-	{{DPM_R2}}	1	-	2:0.03	1
DPMTop	3p_DPM_R2	AAACTATAATAGATCGGAAGAGCGTCGTGT	1:0:1	1	-	{{DPM_R2}}	1	-	2:0.03	1
DPMTop	3p_DPM_R2	AAAGACTCGAAGATCGGAAGAGCGTCGTGT	1:0:1	1	-	{{DPM_R2}}	1	-	2:0.03	1
DPMTop	3p_DPM_R2	AAATAAAGGGAGATCGGAAGAGCGTCGTGT	1:0:1	1	-	{{DPM_R2}}	1	-	2:0.03	1
DPMTop	3p_DPM_R2	AAAGATGCTGAGATCGGAAGAGCGTCGTGT	1:0:1	1	-	{{DPM_R2}}	1	-	2:0.03	1
DPMTop	3p_DPM_R2	AAATAGACCTAGATCGGAAGAGCGTCGTGT	1:0:1	1	-	{{DPM_R2}}	1	-	2:0.03	1
DPMTop	3p_DPM_R2	AAAGCCTTCTAGATCGGAAGAGCGTCGTGT	1:0:1	1	-	{{DPM_R2}}	1	-	2:0.03	1
DPMTop	3p_DPM_R2	AAATCAAACCAGATCGGAAGAGCGTCGTGT	1:0:1	1	-	{{DPM_R2}}	1	-	2:0.03	1
DPMTop	3p_DPM_R2	AAAGGAGTTCAGATCGGAAGAGCGTCGTGT	1:0:1	1	-	{{DPM_R2}}	1	-	2:0.03	1
DPMTop	3p_DPM_R2	AAATGAGAAGAGATCGGAAGAGCGTCGTGT	1:0:1	1	-	{{DPM_R2}}	1	-	2:0.03	1
DPMTop	3p_DPM_R2	AAAGGCAAGTAGATCGGAAGAGCGTCGTGT	1:0:1	1	-	{{DPM_R2}}	1	-	2:0.03	1
DPMTop	3p_DPM_R2	AAATGCATCAAGATCGGAAGAGCGTCGTGT	1:0:1	1	-	{{DPM_R2}}	1	-	2:0.03	1
DPMTop	3p_DPM_R2	AAAGTGGGTTAGATCGGAAGAGCGTCGTGT	1:0:1	1	-	{{DPM_R2}}	1	-	2:0.03	1
DPMTop	3p_DPM_R2	AAATTGCTCGAGATCGGAAGAGCGTCGTGT	1:0:1	1	-	{{DPM_R2}}	1	-	2:0.03	1
DPMTop	3p_DPM_R2	AACAATCTGCAGATCGGAAGAGCGTCGTGT	1:0:1	1	-	{{DPM_R2}}	1	-	2:0.03	1
DPMTop	3p_DPM_R2	AACCAACCAAAGATCGGAAGAGCGTCGTGT	1:0:1	1	-	{{DPM_R2}}	1	-	2:0.03	1
DPMTop	3p_DPM_R2	AACAATTGCAAGATCGGAAGAGCGTCGTGT	1:0:1	1	-	{{DPM_R2}}	1	-	2:0.03	1
DPMTop	3p_DPM_R2	AACCAGCGTCAGATCGGAAGAGCGTCGTGT	1:0:1	1	-	{{DPM_R2}}	1	-	2:0.03	1
DPMTop	3p_DPM_R2	AACACTGTAAAGATCGGAAGAGCGTCGTGT	1:0:1	1	-	{{DPM_R2}}	1	-	2:0.03	1
DPMTop	3p_DPM_R2	AACCATTCGTAGATCGGAAGAGCGTCGTGT	1:0:1	1	-	{{DPM_R2}}	1	-	2:0.03	1
DPMTop	3p_DPM_R2	AACAGAAGACAGATCGGAAGAGCGTCGTGT	1:0:1	1	-	{{DPM_R2}}	1	-	2:0.03	1
DPMTop	3p_DPM_R2	AACCCGATGCAGATCGGAAGAGCGTCGTGT	1:0:1	1	-	{{DPM_R2}}	1	-	2:0.03	1
DPMTop	3p_DPM_R2	AACAGGCGCTAGATCGGAAGAGCGTCGTGT	1:0:1	1	-	{{DPM_R2}}	1	-	2:0.03	1
DPMTop	3p_DPM_R2	AACCTCTTTAAGATCGGAAGAGCGTCGTGT	1:0:1	1	-	{{DPM_R2}}	1	-	2:0.03	1
DPMTop	3p_DPM_R2	AACATAAATGAGATCGGAAGAGCGTCGTGT	1:0:1	1	-	{{DPM_R2}}	1	-	2:0.03	1
DPMTop	3p_DPM_R2	AACCTGGCACAGATCGGAAGAGCGTCGTGT	1:0:1	1	-	{{DPM_R2}}	1	-	2:0.03	1
DPMTop	3p_DPM_R2	AACGCATAGAAGATCGGAAGAGCGTCGTGT	1:0:1	1	-	{{DPM_R2}}	1	-	2:0.03	1
DPMTop	3p_DPM_R2	AACTACTTATAGATCGGAAGAGCGTCGTGT	1:0:1	1	-	{{DPM_R2}}	1	-	2:0.03	1
DPMTop	3p_DPM_R2	AACGCTGGCCAGATCGGAAGAGCGTCGTGT	1:0:1	1	-	{{DPM_R2}}	1	-	2:0.03	1
DPMTop	3p_DPM_R2	AACTATTATGAGATCGGAAGAGCGTCGTGT	1:0:1	1	-	{{DPM_R2}}	1	-	2:0.03	1
DPMTop	3p_DPM_R2	AACGGATCAGAGATCGGAAGAGCGTCGTGT	1:0:1	1	-	{{DPM_R2}}	1	-	2:0.03	1
DPMTop	3p_DPM_R2	AACTCCCAACAGATCGGAAGAGCGTCGTGT	1:0:1	1	-	{{DPM_R2}}	1	-	2:0.03	1
DPMTop	3p_DPM_R2	AACGGGGCCAAGATCGGAAGAGCGTCGTGT	1:0:1	1	-	{{DPM_R2}}	1	-	2:0.03	1
DPMTop	3p_DPM_R2	AACTCGAGTAAGATCGGAAGAGCGTCGTGT	1:0:1	1	-	{{DPM_R2}}	1	-	2:0.03	1
DPMTop	3p_DPM_R2	AACGTAACGTAGATCGGAAGAGCGTCGTGT	1:0:1	1	-	{{DPM_R2}}	1	-	2:0.03	1
DPMTop	3p_DPM_R2	AACTGCCCGTAGATCGGAAGAGCGTCGTGT	1:0:1	1	-	{{DPM_R2}}	1	-	2:0.03	1
DPMTop	3p_DPM_R2	AACGTGAGCGAGATCGGAAGAGCGTCGTGT	1:0:1	1	-	{{DPM_R2}}	1	-	2:0.03	1
DPMTop	3p_DPM_R2	AACTGTACTCAGATCGGAAGAGCGTCGTGT	1:0:1	1	-	{{DPM_R2}}	1	-	2:0.03	1
DPMTop	3p_DPM_R2	AAGAAAGTCCAGATCGGAAGAGCGTCGTGT	1:0:1	1	-	{{DPM_R2}}	1	-	2:0.03	1
DPMTop	3p_DPM_R2	AAGCAAGAGGAGATCGGAAGAGCGTCGTGT	1:0:1	1	-	{{DPM_R2}}	1	-	2:0.03	1
DPMTop	3p_DPM_R2	AAGAATGGATAGATCGGAAGAGCGTCGTGT	1:0:1	1	-	{{DPM_R2}}	1	-	2:0.03	1
DPMTop	3p_DPM_R2	AAGCCCACATAGATCGGAAGAGCGTCGTGT	1:0:1	1	-	{{DPM_R2}}	1	-	2:0.03	1
DPMTop	3p_DPM_R2	AAGACCTAGGAGATCGGAAGAGCGTCGTGT	1:0:1	1	-	{{DPM_R2}}	1	-	2:0.03	1
DPMTop	3p_DPM_R2	AAGCCGGCGAAGATCGGAAGAGCGTCGTGT	1:0:1	1	-	{{DPM_R2}}	1	-	2:0.03	1
DPMTop	3p_DPM_R2	AAGAGCTCAAAGATCGGAAGAGCGTCGTGT	1:0:1	1	-	{{DPM_R2}}	1	-	2:0.03	1
DPMTop	3p_DPM_R2	AAGCCTAGTGAGATCGGAAGAGCGTCGTGT	1:0:1	1	-	{{DPM_R2}}	1	-	2:0.03	1
DPMTop	3p_DPM_R2	AAGAGTTGTCAGATCGGAAGAGCGTCGTGT	1:0:1	1	-	{{DPM_R2}}	1	-	2:0.03	1
DPMTop	3p_DPM_R2	AAGCGATACAAGATCGGAAGAGCGTCGTGT	1:0:1	1	-	{{DPM_R2}}	1	-	2:0.03	1
DPMTop	3p_DPM_R2	AAGATCGACAAGATCGGAAGAGCGTCGTGT	1:0:1	1	-	{{DPM_R2}}	1	-	2:0.03	1
DPMTop	3p_DPM_R2	AAGCTCCCTCAGATCGGAAGAGCGTCGTGT	1:0:1	1	-	{{DPM_R2}}	1	-	2:0.03	1
DPMTop	3p_DPM_R2	AAGGCACGGCAGATCGGAAGAGCGTCGTGT	1:0:1	1	-	{{DPM_R2}}	1	-	2:0.03	1
DPMTop	3p_DPM_R2	AAGTAAGCTTAGATCGGAAGAGCGTCGTGT	1:0:1	1	-	{{DPM_R2}}	1	-	2:0.03	1
DPMTop	3p_DPM_R2	AAGGCAGATTAGATCGGAAGAGCGTCGTGT	1:0:1	1	-	{{DPM_R2}}	1	-	2:0.03	1
DPMTop	3p_DPM_R2	AAGTAGTCGCAGATCGGAAGAGCGTCGTGT	1:0:1	1	-	{{DPM_R2}}	1	-	2:0.03	1
DPMTop	3p_DPM_R2	AAGGCGGTAGAGATCGGAAGAGCGTCGTGT	1:0:1	1	-	{{DPM_R2}}	1	-	2:0.03	1
DPMTop	3p_DPM_R2	AAGTGGAAGGAGATCGGAAGAGCGTCGTGT	1:0:1	1	-	{{DPM_R2}}	1	-	2:0.03	1
DPMTop	3p_DPM_R2	AAGGCTAACAAGATCGGAAGAGCGTCGTGT	1:0:1	1	-	{{DPM_R2}}	1	-	2:0.03	1
DPMTop	3p_DPM_R2	AAGTGTGTTAAGATCGGAAGAGCGTCGTGT	1:0:1	1	-	{{DPM_R2}}	1	-	2:0.03	1
DPMTop	3p_DPM_R2	AAGGGACTATAGATCGGAAGAGCGTCGTGT	1:0:1	1	-	{{DPM_R2}}	1	-	2:0.03	1
DPMTop	3p_DPM_R2	AAGTTATTTGAGATCGGAAGAGCGTCGTGT	1:0:1	1	-	{{DPM_R2}}	1	-	2:0.03	1
DPMTop	3p_DPM_R2	AAGGGGATCCAGATCGGAAGAGCGTCGTGT	1:0:1	1	-	{{DPM_R2}}	1	-	2:0.03	1
DPMTop	3p_DPM_R2	AAGTTTTGGAAGATCGGAAGAGCGTCGTGT	1:0:1	1	-	{{DPM_R2}}	1	-	2:0.03	1
DPMTop	3p_DPM_R2	AATAAACACTAGATCGGAAGAGCGTCGTGT	1:0:1	1	-	{{DPM_R2}}	1	-	2:0.03	1
DPMTop	3p_DPM_R2	AATCAATGCCAGATCGGAAGAGCGTCGTGT	1:0:1	1	-	{{DPM_R2}}	1	-	2:0.03	1
DPMTop	3p_DPM_R2	AATAAATCGGAGATCGGAAGAGCGTCGTGT	1:0:1	1	-	{{DPM_R2}}	1	-	2:0.03	1
DPMTop	3p_DPM_R2	AATCCAGTACAGATCGGAAGAGCGTCGTGT	1:0:1	1	-	{{DPM_R2}}	1	-	2:0.03	1
DPMTop	3p_DPM_R2	AATAACCGTAAGATCGGAAGAGCGTCGTGT	1:0:1	1	-	{{DPM_R2}}	1	-	2:0.03	1
DPMTop	3p_DPM_R2	AATCCGCGGGAGATCGGAAGAGCGTCGTGT	1:0:1	1	-	{{DPM_R2}}	1	-	2:0.03	1
DPMTop	3p_DPM_R2	AATAGCGTTTAGATCGGAAGAGCGTCGTGT	1:0:1	1	-	{{DPM_R2}}	1	-	2:0.03	1
DPMTop	3p_DPM_R2	AATCGAATCGAGATCGGAAGAGCGTCGTGT	1:0:1	1	-	{{DPM_R2}}	1	-	2:0.03	1
DPMTop	3p_DPM_R2	AATATCTGGTAGATCGGAAGAGCGTCGTGT	1:0:1	1	-	{{DPM_R2}}	1	-	2:0.03	1
DPMTop	3p_DPM_R2	AATCGCGAAAAGATCGGAAGAGCGTCGTGT	1:0:1	1	-	{{DPM_R2}}	1	-	2:0.03	1
DPMTop	3p_DPM_R2	AATATGTTTCAGATCGGAAGAGCGTCGTGT	1:0:1	1	-	{{DPM_R2}}	1	-	2:0.03	1
DPMTop	3p_DPM_R2	AATCTTAATTAGATCGGAAGAGCGTCGTGT	1:0:1	1	-	{{DPM_R2}}	1	-	2:0.03	1
DPMTop	3p_DPM_R2	AATGCCAGTCAGATCGGAAGAGCGTCGTGT	1:0:1	1	-	{{DPM_R2}}	1	-	2:0.03	1
DPMTop	3p_DPM_R2	AATTCAGGCAAGATCGGAAGAGCGTCGTGT	1:0:1	1	-	{{DPM_R2}}	1	-	2:0.03	1
DPMTop	3p_DPM_R2	AATGCCCCCGAGATCGGAAGAGCGTCGTGT	1:0:1	1	-	{{DPM_R2}}	1	-	2:0.03	1
DPMTop	3p_DPM_R2	AATTCGCTTTAGATCGGAAGAGCGTCGTGT	1:0:1	1	-	{{DPM_R2}}	1	-	2:0.03	1
DPMTop	3p_DPM_R2	AATGCGCAAAAGATCGGAAGAGCGTCGTGT	1:0:1	1	-	{{DPM_R2}}	1	-	2:0.03	1
DPMTop	3p_DPM_R2	AATTCTTAGCAGATCGGAAGAGCGTCGTGT	1:0:1	1	-	{{DPM_R2}}	1	-	2:0.03	1
DPMTop	3p_DPM_R2	AATGGCGGGGAGATCGGAAGAGCGTCGTGT	1:0:1	1	-	{{DPM_R2}}	1	-	2:0.03	1
DPMTop	3p_DPM_R2	AATTGCGCCCAGATCGGAAGAGCGTCGTGT	1:0:1	1	-	{{DPM_R2}}	1	-	2:0.03	1
DPMTop	3p_DPM_R2	AATGGGTACTAGATCGGAAGAGCGTCGTGT	1:0:1	1	-	{{DPM_R2}}	1	-	2:0.03	1
DPMTop	3p_DPM_R2	AATTGGTTGAAGATCGGAAGAGCGTCGTGT	1:0:1	1	-	{{DPM_R2}}	1	-	2:0.03	1
DPMTop	3p_DPM_R2	AATGTTGTGAAGATCGGAAGAGCGTCGTGT	1:0:1	1	-	{{DPM_R2}}	1	-	2:0.03	1
DPMTop	3p_DPM_R2	AATTGTTCATAGATCGGAAGAGCGTCGTGT	1:0:1	1	-	{{DPM_R2}}	1	-	2:0.03	1
DPMTop	3p_DPM_R2	AAACACCCAAGATCGGAAGAGCGTCGTGT	1:1:1	1	-	{{DPM_R2}}	1	-	2:0.03	1
DPMTop	3p_DPM_R2	AACATGTCAAGATCGGAAGAGCGTCGTGT	1:1:1	1	-	{{DPM_R2}}	1	-	2:0.03	1
DPMTop	3p_DPM_R2	AAACCGCGCAGATCGGAAGAGCGTCGTGT	1:1:1	1	-	{{DPM_R2}}	1	-	2:0.03	1
DPMTop	3p_DPM_R2	AACCCGGCGAGATCGGAAGAGCGTCGTGT	1:1:1	1	-	{{DPM_R2}}	1	-	2:0.03	1
DPMTop	3p_DPM_R2	AAACGACAGAGATCGGAAGAGCGTCGTGT	1:1:1	1	-	{{DPM_R2}}	1	-	2:0.03	1
DPMTop	3p_DPM_R2	AACCTCTTCAGATCGGAAGAGCGTCGTGT	1:1:1	1	-	{{DPM_R2}}	1	-	2:0.03	1
DPMTop	3p_DPM_R2	AAACTTCTTAGATCGGAAGAGCGTCGTGT	1:1:1	1	-	{{DPM_R2}}	1	-	2:0.03	1
DPMTop	3p_DPM_R2	AACCTTGAAAGATCGGAAGAGCGTCGTGT	1:1:1	1	-	{{DPM_R2}}	1	-	2:0.03	1
DPMTop	3p_DPM_R2	AAAGAGGGAAGATCGGAAGAGCGTCGTGT	1:1:1	1	-	{{DPM_R2}}	1	-	2:0.03	1
DPMTop	3p_DPM_R2	AACGGCATAAGATCGGAAGAGCGTCGTGT	1:1:1	1	-	{{DPM_R2}}	1	-	2:0.03	1
DPMTop	3p_DPM_R2	AAATCATACAGATCGGAAGAGCGTCGTGT	1:1:1	1	-	{{DPM_R2}}	1	-	2:0.03	1
DPMTop	3p_DPM_R2	AACTATAATAGATCGGAAGAGCGTCGTGT	1:1:1	1	-	{{DPM_R2}}	1	-	2:0.03	1
DPMTop	3p_DPM_R2	AAGACTCGAAGATCGGAAGAGCGTCGTGT	1:1:1	1	-	{{DPM_R2}}	1	-	2:0.03	1
DPMTop	3p_DPM_R2	AATAAAGGGAGATCGGAAGAGCGTCGTGT	1:1:1	1	-	{{DPM_R2}}	1	-	2:0.03	1
DPMTop	3p_DPM_R2	AAGATGCTGAGATCGGAAGAGCGTCGTGT	1:1:1	1	-	{{DPM_R2}}	1	-	2:0.03	1
DPMTop	3p_DPM_R2	AATAGACCTAGATCGGAAGAGCGTCGTGT	1:1:1	1	-	{{DPM_R2}}	1	-	2:0.03	1
DPMTop	3p_DPM_R2	AAGCCTTCTAGATCGGAAGAGCGTCGTGT	1:1:1	1	-	{{DPM_R2}}	1	-	2:0.03	1
DPMTop	3p_DPM_R2	AATCAAACCAGATCGGAAGAGCGTCGTGT	1:1:1	1	-	{{DPM_R2}}	1	-	2:0.03	1
DPMTop	3p_DPM_R2	AAGGAGTTCAGATCGGAAGAGCGTCGTGT	1:1:1	1	-	{{DPM_R2}}	1	-	2:0.03	1
DPMTop	3p_DPM_R2	AATGAGAAGAGATCGGAAGAGCGTCGTGT	1:1:1	1	-	{{DPM_R2}}	1	-	2:0.03	1
DPMTop	3p_DPM_R2	AAGGCAAGTAGATCGGAAGAGCGTCGTGT	1:1:1	1	-	{{DPM_R2}}	1	-	2:0.03	1
DPMTop	3p_DPM_R2	AATGCATCAAGATCGGAAGAGCGTCGTGT	1:1:1	1	-	{{DPM_R2}}	1	-	2:0.03	1
DPMTop	3p_DPM_R2	AAGTGGGTTAGATCGGAAGAGCGTCGTGT	1:1:1	1	-	{{DPM_R2}}	1	-	2:0.03	1
DPMTop	3p_DPM_R2	AATTGCTCGAGATCGGAAGAGCGTCGTGT	1:1:1	1	-	{{DPM_R2}}	1	-	2:0.03	1
DPMTop	3p_DPM_R2	ACAATCTGCAGATCGGAAGAGCGTCGTGT	1:1:1	1	-	{{DPM_R2}}	1	-	2:0.03	1
DPMTop	3p_DPM_R2	ACCAACCAAAGATCGGAAGAGCGTCGTGT	1:1:1	1	-	{{DPM_R2}}	1	-	2:0.03	1
DPMTop	3p_DPM_R2	ACAATTGCAAGATCGGAAGAGCGTCGTGT	1:1:1	1	-	{{DPM_R2}}	1	-	2:0.03	1
DPMTop	3p_DPM_R2	ACCAGCGTCAGATCGGAAGAGCGTCGTGT	1:1:1	1	-	{{DPM_R2}}	1	-	2:0.03	1
DPMTop	3p_DPM_R2	ACACTGTAAAGATCGGAAGAGCGTCGTGT	1:1:1	1	-	{{DPM_R2}}	1	-	2:0.03	1
DPMTop	3p_DPM_R2	ACCATTCGTAGATCGGAAGAGCGTCGTGT	1:1:1	1	-	{{DPM_R2}}	1	-	2:0.03	1
DPMTop	3p_DPM_R2	ACAGAAGACAGATCGGAAGAGCGTCGTGT	1:1:1	1	-	{{DPM_R2}}	1	-	2:0.03	1
DPMTop	3p_DPM_R2	ACCCGATGCAGATCGGAAGAGCGTCGTGT	1:1:1	1	-	{{DPM_R2}}	1	-	2:0.03	1
DPMTop	3p_DPM_R2	ACAGGCGCTAGATCGGAAGAGCGTCGTGT	1:1:1	1	-	{{DPM_R2}}	1	-	2:0.03	1
DPMTop	3p_DPM_R2	ACCTCTTTAAGATCGGAAGAGCGTCGTGT	1:1:1	1	-	{{DPM_R2}}	1	-	2:0.03	1
DPMTop	3p_DPM_R2	ACATAAATGAGATCGGAAGAGCGTCGTGT	1:1:1	1	-	{{DPM_R2}}	1	-	2:0.03	1
DPMTop	3p_DPM_R2	ACCTGGCACAGATCGGAAGAGCGTCGTGT	1:1:1	1	-	{{DPM_R2}}	1	-	2:0.03	1
DPMTop	3p_DPM_R2	ACGCATAGAAGATCGGAAGAGCGTCGTGT	1:1:1	1	-	{{DPM_R2}}	1	-	2:0.03	1
DPMTop	3p_DPM_R2	ACTACTTATAGATCGGAAGAGCGTCGTGT	1:1:1	1	-	{{DPM_R2}}	1	-	2:0.03	1
DPMTop	3p_DPM_R2	ACGCTGGCCAGATCGGAAGAGCGTCGTGT	1:1:1	1	-	{{DPM_R2}}	1	-	2:0.03	1
DPMTop	3p_DPM_R2	ACTATTATGAGATCGGAAGAGCGTCGTGT	1:1:1	1	-	{{DPM_R2}}	1	-	2:0.03	1
DPMTop	3p_DPM_R2	ACGGATCAGAGATCGGAAGAGCGTCGTGT	1:1:1	1	-	{{DPM_R2}}	1	-	2:0.03	1
DPMTop	3p_DPM_R2	ACTCCCAACAGATCGGAAGAGCGTCGTGT	1:1:1	1	-	{{DPM_R2}}	1	-	2:0.03	1
DPMTop	3p_DPM_R2	ACGGGGCCAAGATCGGAAGAGCGTCGTGT	1:1:1	1	-	{{DPM_R2}}	1	-	2:0.03	1
DPMTop	3p_DPM_R2	ACTCGAGTAAGATCGGAAGAGCGTCGTGT	1:1:1	1	-	{{DPM_R2}}	1	-	2:0.03	1
DPMTop	3p_DPM_R2	ACGTAACGTAGATCGGAAGAGCGTCGTGT	1:1:1	1	-	{{DPM_R2}}	1	-	2:0.03	1
DPMTop	3p_DPM_R2	ACTGCCCGTAGATCGGAAGAGCGTCGTGT	1:1:1	1	-	{{DPM_R2}}	1	-	2:0.03	1
DPMTop	3p_DPM_R2	ACGTGAGCGAGATCGGAAGAGCGTCGTGT	1:1:1	1	-	{{DPM_R2}}	1	-	2:0.03	1
DPMTop	3p_DPM_R2	ACTGTACTCAGATCGGAAGAGCGTCGTGT	1:1:1	1	-	{{DPM_R2}}	1	-	2:0.03	1
DPMTop	3p_DPM_R2	AGAAAGTCCAGATCGGAAGAGCGTCGTGT	1:1:1	1	-	{{DPM_R2}}	1	-	2:0.03	1
DPMTop	3p_DPM_R2	AGCAAGAGGAGATCGGAAGAGCGTCGTGT	1:1:1	1	-	{{DPM_R2}}	1	-	2:0.03	1
DPMTop	3p_DPM_R2	AGAATGGATAGATCGGAAGAGCGTCGTGT	1:1:1	1	-	{{DPM_R2}}	1	-	2:0.03	1
DPMTop	3p_DPM_R2	AGCCCACATAGATCGGAAGAGCGTCGTGT	1:1:1	1	-	{{DPM_R2}}	1	-	2:0.03	1
DPMTop	3p_DPM_R2	AGACCTAGGAGATCGGAAGAGCGTCGTGT	1:1:1	1	-	{{DPM_R2}}	1	-	2:0.03	1
DPMTop	3p_DPM_R2	AGCCGGCGAAGATCGGAAGAGCGTCGTGT	1:1:1	1	-	{{DPM_R2}}	1	-	2:0.03	1
DPMTop	3p_DPM_R2	AGAGCTCAAAGATCGGAAGAGCGTCGTGT	1:1:1	1	-	{{DPM_R2}}	1	-	2:0.03	1
DPMTop	3p_DPM_R2	AGCCTAGTGAGATCGGAAGAGCGTCGTGT	1:1:1	1	-	{{DPM_R2}}	1	-	2:0.03	1
DPMTop	3p_DPM_R2	AGAGTTGTCAGATCGGAAGAGCGTCGTGT	1:1:1	1	-	{{DPM_R2}}	1	-	2:0.03	1
DPMTop	3p_DPM_R2	AGCGATACAAGATCGGAAGAGCGTCGTGT	1:1:1	1	-	{{DPM_R2}}	1	-	2:0.03	1
DPMTop	3p_DPM_R2	AGATCGACAAGATCGGAAGAGCGTCGTGT	1:1:1	1	-	{{DPM_R2}}	1	-	2:0.03	1
DPMTop	3p_DPM_R2	AGCTCCCTCAGATCGGAAGAGCGTCGTGT	1:1:1	1	-	{{DPM_R2}}	1	-	2:0.03	1
DPMTop	3p_DPM_R2	AGGCACGGCAGATCGGAAGAGCGTCGTGT	1:1:1	1	-	{{DPM_R2}}	1	-	2:0.03	1
DPMTop	3p_DPM_R2	AGTAAGCTTAGATCGGAAGAGCGTCGTGT	1:1:1	1	-	{{DPM_R2}}	1	-	2:0.03	1
DPMTop	3p_DPM_R2	AGGCAGATTAGATCGGAAGAGCGTCGTGT	1:1:1	1	-	{{DPM_R2}}	1	-	2:0.03	1
DPMTop	3p_DPM_R2	AGTAGTCGCAGATCGGAAGAGCGTCGTGT	1:1:1	1	-	{{DPM_R2}}	1	-	2:0.03	1
DPMTop	3p_DPM_R2	AGGCGGTAGAGATCGGAAGAGCGTCGTGT	1:1:1	1	-	{{DPM_R2}}	1	-	2:0.03	1
DPMTop	3p_DPM_R2	AGTGGAAGGAGATCGGAAGAGCGTCGTGT	1:1:1	1	-	{{DPM_R2}}	1	-	2:0.03	1
DPMTop	3p_DPM_R2	AGGCTAACAAGATCGGAAGAGCGTCGTGT	1:1:1	1	-	{{DPM_R2}}	1	-	2:0.03	1
DPMTop	3p_DPM_R2	AGTGTGTTAAGATCGGAAGAGCGTCGTGT	1:1:1	1	-	{{DPM_R2}}	1	-	2:0.03	1
DPMTop	3p_DPM_R2	AGGGACTATAGATCGGAAGAGCGTCGTGT	1:1:1	1	-	{{DPM_R2}}	1	-	2:0.03	1
DPMTop	3p_DPM_R2	AGTTATTTGAGATCGGAAGAGCGTCGTGT	1:1:1	1	-	{{DPM_R2}}	1	-	2:0.03	1
DPMTop	3p_DPM_R2	AGGGGATCCAGATCGGAAGAGCGTCGTGT	1:1:1	1	-	{{DPM_R2}}	1	-	2:0.03	1
DPMTop	3p_DPM_R2	AGTTTTGGAAGATCGGAAGAGCGTCGTGT	1:1:1	1	-	{{DPM_R2}}	1	-	2:0.03	1
DPMTop	3p_DPM_R2	ATAAACACTAGATCGGAAGAGCGTCGTGT	1:1:1	1	-	{{DPM_R2}}	1	-	2:0.03	1
DPMTop	3p_DPM_R2	ATCAATGCCAGATCGGAAGAGCGTCGTGT	1:1:1	1	-	{{DPM_R2}}	1	-	2:0.03	1
DPMTop	3p_DPM_R2	ATAAATCGGAGATCGGAAGAGCGTCGTGT	1:1:1	1	-	{{DPM_R2}}	1	-	2:0.03	1
DPMTop	3p_DPM_R2	ATCCAGTACAGATCGGAAGAGCGTCGTGT	1:1:1	1	-	{{DPM_R2}}	1	-	2:0.03	1
DPMTop	3p_DPM_R2	ATAACCGTAAGATCGGAAGAGCGTCGTGT	1:1:1	1	-	{{DPM_R2}}	1	-	2:0.03	1
DPMTop	3p_DPM_R2	ATCCGCGGGAGATCGGAAGAGCGTCGTGT	1:1:1	1	-	{{DPM_R2}}	1	-	2:0.03	1
DPMTop	3p_DPM_R2	ATAGCGTTTAGATCGGAAGAGCGTCGTGT	1:1:1	1	-	{{DPM_R2}}	1	-	2:0.03	1
DPMTop	3p_DPM_R2	ATCGAATCGAGATCGGAAGAGCGTCGTGT	1:1:1	1	-	{{DPM_R2}}	1	-	2:0.03	1
DPMTop	3p_DPM_R2	ATATCTGGTAGATCGGAAGAGCGTCGTGT	1:1:1	1	-	{{DPM_R2}}	1	-	2:0.03	1
DPMTop	3p_DPM_R2	ATCGCGAAAAGATCGGAAGAGCGTCGTGT	1:1:1	1	-	{{DPM_R2}}	1	-	2:0.03	1
DPMTop	3p_DPM_R2	ATATGTTTCAGATCGGAAGAGCGTCGTGT	1:1:1	1	-	{{DPM_R2}}	1	-	2:0.03	1
DPMTop	3p_DPM_R2	ATCTTAATTAGATCGGAAGAGCGTCGTGT	1:1:1	1	-	{{DPM_R2}}	1	-	2:0.03	1
DPMTop	3p_DPM_R2	ATGCCAGTCAGATCGGAAGAGCGTCGTGT	1:1:1	1	-	{{DPM_R2}}	1	-	2:0.03	1
DPMTop	3p_DPM_R2	ATTCAGGCAAGATCGGAAGAGCGTCGTGT	1:1:1	1	-	{{DPM_R2}}	1	-	2:0.03	1
DPMTop	3p_DPM_R2	ATGCCCCCGAGATCGGAAGAGCGTCGTGT	1:1:1	1	-	{{DPM_R2}}	1	-	2:0.03	1
DPMTop	3p_DPM_R2	ATTCGCTTTAGATCGGAAGAGCGTCGTGT	1:1:1	1	-	{{DPM_R2}}	1	-	2:0.03	1
DPMTop	3p_DPM_R2	ATGCGCAAAAGATCGGAAGAGCGTCGTGT	1:1:1	1	-	{{DPM_R2}}	1	-	2:0.03	1
DPMTop	3p_DPM_R2	ATTCTTAGCAGATCGGAAGAGCGTCGTGT	1:1:1	1	-	{{DPM_R2}}	1	-	2:0.03	1
DPMTop	3p_DPM_R2	ATGGCGGGGAGATCGGAAGAGCGTCGTGT	1:1:1	1	-	{{DPM_R2}}	1	-	2:0.03	1
DPMTop	3p_DPM_R2	ATTGCGCCCAGATCGGAAGAGCGTCGTGT	1:1:1	1	-	{{DPM_R2}}	1	-	2:0.03	1
DPMTop	3p_DPM_R2	ATGGGTACTAGATCGGAAGAGCGTCGTGT	1:1:1	1	-	{{DPM_R2}}	1	-	2:0.03	1
DPMTop	3p_DPM_R2	ATTGGTTGAAGATCGGAAGAGCGTCGTGT	1:1:1	1	-	{{DPM_R2}}	1	-	2:0.03	1
DPMTop	3p_DPM_R2	ATGTTGTGAAGATCGGAAGAGCGTCGTGT	1:1:1	1	-	{{DPM_R2}}	1	-	2:0.03	1
DPMTop	3p_DPM_R2	ATTGTTCATAGATCGGAAGAGCGTCGTGT	1:1:1	1	-	{{DPM_R2}}	1	-	2:0.03	1