# Purpose: parse oligo reads								
# Expected structure								
# - R1: oligo_rc + UMI_rc + LigEven + OddTop1 + LigOdd + EvenTop1 + LigEven + OddTop2 + LigOdd + EvenTop2 + LigEven + OddTop3 + LigOdd + NYLigOddStgTop								
# - R2: NYStgBot + Odd + OddBot3 + Even + EvenBot2 + Odd + OddBot2 + Even + EvenBot1 + Odd + OddBot1 + Even + UMI + oligo								
# Notes								
# - A read length of 156 nt is required to span (assuming no indels) the entire structure shown above (aka "DNA insert") between the Illumina sequencing primers.								
# - This config as-is assumes read lengths of >= 156 nt from each orientation; delete groups as appropriate for shorter read lengths.								
# - The last nucleotide was dropped from each OddBot1 tag so that the detected tag (which allows for a Levenshtein distance of 1) does not eat into the subsequent Even tag.								
# - The antibody ID tag group in Read 1 is named "oligo_rc" because Read 1 contains the reverse complement sequence of the antibody ID, relative to the 5'-3' orientation of the antibody ID in the single-stranded oligo.								
# - The oligo tags are named BEAD_<target>_<antibody>.								
# - The edit distances here are appropriate if all 96 tags are used in each round; more flexible edit distances may be allowed if only a subset of tags are used in each round.								
# - Output sequences should be empty strings due to the trimming specified by the 'right' column.								
# Splitcode command: splitcode -c config.tsv --nFastqs=2 --assign --no-outb --no-x-out --mapping=/dev/null --x-names --mod-names --output=out1.fasta.gz,out2.fasta.gz R1.fastq.gz R2.fastq.gz								
# - use --assign to enforce minFindsG								
# - use --mod-names to add barcode to read name								
# - use --x-names to add UMI as a SAM tag: RX:Z:<read 1 UMI, reverse-complemented>-<read 2 UMI>; any differences between <read 1 UMI, reverse-complemented> and <read 2 UMI> reflect sequencing errors.								
# - optional arguments: --summary=summary.txt --out-fasta								
# - expected read name structure: @read::[BEAD_*][O#][E#][Y#][O#][E#][O#][E#][O#][BEAD_*]								
@extract {{oligo_rc}}<~umi[8]>{LigEven}								
group	id	tag	distance	location	minFindsG	previous	exclude	right
oligo_rc	BEAD_AB1-A1	GGAACAGTT	1:0:1	0:0:9	1	-	-	1
oligo_rc	BEAD_AB2-A2	CGCCGAATT	1:0:1	0:0:9	1	-	-	1
# oligo_rc	BEAD_AB3-A3	GGAATCCGT	1:0:1	0:0:9	1	-	-	1
# oligo_rc	BEAD_AB4-A4	ACTCATAGT	1:0:1	0:0:9	1	-	-	1
# oligo_rc	BEAD_AB5-A5	TATATAAGT	1:0:1	0:0:9	1	-	-	1
# oligo_rc	BEAD_AB6-A6	ACCTGTGCT	1:0:1	0:0:9	1	-	-	1
# oligo_rc	BEAD_AB7-A7	AGATAGGCT	1:0:1	0:0:9	1	-	-	1
# oligo_rc	BEAD_AB8-A8	TGCCTCGCT	1:0:1	0:0:9	1	-	-	1
# oligo_rc	BEAD_AB9-A9	GCCGATACT	1:0:1	0:0:9	1	-	-	1
# oligo_rc	BEAD_AB10-A10	CTAAGCACT	1:0:1	0:0:9	1	-	-	1
# oligo_rc	BEAD_AB11-A11	TCCTTAACT	1:0:1	0:0:9	1	-	-	1
# oligo_rc	BEAD_AB12-A12	CTGTTCTAT	1:0:1	0:0:9	1	-	-	1
# oligo_rc	BEAD_AB13-B1	ACTCTCGAT	1:0:1	0:0:9	1	-	-	1
# oligo_rc	BEAD_AB14-B2	GCGAGAGAT	1:0:1	0:0:9	1	-	-	1
# oligo_rc	BEAD_AB15-B3	TAACATCAT	1:0:1	0:0:9	1	-	-	1
# oligo_rc	BEAD_AB16-B4	GAAGCACAT	1:0:1	0:0:9	1	-	-	1
# oligo_rc	BEAD_AB17-B5	AGAATCTTG	1:0:1	0:0:9	1	-	-	1
# oligo_rc	BEAD_AB18-B6	GTTCAATTG	1:0:1	0:0:9	1	-	-	1
# oligo_rc	BEAD_AB19-B7	GCGAATGTG	1:0:1	0:0:9	1	-	-	1
# oligo_rc	BEAD_AB20-B8	CCATGCGTG	1:0:1	0:0:9	1	-	-	1
# oligo_rc	BEAD_AB21-B9	GTGCGCCTG	1:0:1	0:0:9	1	-	-	1
# oligo_rc	BEAD_AB22-B10	AACGACCTG	1:0:1	0:0:9	1	-	-	1
# oligo_rc	BEAD_AB23-B11	GCCAGGATG	1:0:1	0:0:9	1	-	-	1
# oligo_rc	BEAD_AB24-B12	CCTAATTGG	1:0:1	0:0:9	1	-	-	1
# oligo_rc	BEAD_AB25-C1	ACCTTCTGG	1:0:1	0:0:9	1	-	-	1
# oligo_rc	BEAD_AB26-C2	TATTGTAGG	1:0:1	0:0:9	1	-	-	1
# oligo_rc	BEAD_AB27-C3	GAGCATAGG	1:0:1	0:0:9	1	-	-	1
# oligo_rc	BEAD_AB28-C4	GTGACCAGG	1:0:1	0:0:9	1	-	-	1
# oligo_rc	BEAD_AB29-C5	TGGTTAAGG	1:0:1	0:0:9	1	-	-	1
# oligo_rc	BEAD_AB30-C6	ACGCGTTCG	1:0:1	0:0:9	1	-	-	1
# oligo_rc	BEAD_AB31-C7	ATGATGTCG	1:0:1	0:0:9	1	-	-	1
# oligo_rc	BEAD_AB32-C8	TGGTCGTCG	1:0:1	0:0:9	1	-	-	1
# oligo_rc	BEAD_AB33-C9	TGACGTCCG	1:0:1	0:0:9	1	-	-	1
# oligo_rc	BEAD_AB34-C10	AAGGCTCCG	1:0:1	0:0:9	1	-	-	1
# oligo_rc	BEAD_AB35-C11	ATTGGTACG	1:0:1	0:0:9	1	-	-	1
# oligo_rc	BEAD_AB36-C12	GATGCGACG	1:0:1	0:0:9	1	-	-	1
# oligo_rc	BEAD_AB37-D1	ACAGACACG	1:0:1	0:0:9	1	-	-	1
# oligo_rc	BEAD_AB38-D2	AATTATTAG	1:0:1	0:0:9	1	-	-	1
# oligo_rc	BEAD_AB39-D3	CGAGTGTAG	1:0:1	0:0:9	1	-	-	1
# oligo_rc	BEAD_AB40-D4	CAGGATGAG	1:0:1	0:0:9	1	-	-	1
# oligo_rc	BEAD_AB41-D5	GGCAATCAG	1:0:1	0:0:9	1	-	-	1
# oligo_rc	BEAD_AB42-D6	TCATTCCAG	1:0:1	0:0:9	1	-	-	1
# oligo_rc	BEAD_AB43-D7	TAGGAGTTC	1:0:1	0:0:9	1	-	-	1
# oligo_rc	BEAD_AB44-D8	CCGTCGCTC	1:0:1	0:0:9	1	-	-	1
# oligo_rc	BEAD_AB45-D9	GTATGACTC	1:0:1	0:0:9	1	-	-	1
# oligo_rc	BEAD_AB46-D10	GAGAGTATC	1:0:1	0:0:9	1	-	-	1
# oligo_rc	BEAD_AB47-D11	TGGCCTATC	1:0:1	0:0:9	1	-	-	1
# oligo_rc	BEAD_AB48-D12	CTACACATC	1:0:1	0:0:9	1	-	-	1
# oligo_rc	BEAD_AB49-E1	CAGCCTTGC	1:0:1	0:0:9	1	-	-	1
# oligo_rc	BEAD_AB50-E2	CTTGCGTGC	1:0:1	0:0:9	1	-	-	1
# oligo_rc	BEAD_AB51-E3	AGGCAATGC	1:0:1	0:0:9	1	-	-	1
# oligo_rc	BEAD_AB52-E4	TACGTTGGC	1:0:1	0:0:9	1	-	-	1
# oligo_rc	BEAD_AB53-E5	AGTGTCGGC	1:0:1	0:0:9	1	-	-	1
# oligo_rc	BEAD_AB54-E6	AAGTGCGGC	1:0:1	0:0:9	1	-	-	1
# oligo_rc	BEAD_AB55-E7	GTTGGAGGC	1:0:1	0:0:9	1	-	-	1
# oligo_rc	BEAD_AB56-E8	CTCAATCGC	1:0:1	0:0:9	1	-	-	1
# oligo_rc	BEAD_AB57-E9	GGAGCGAGC	1:0:1	0:0:9	1	-	-	1
# oligo_rc	BEAD_AB58-E10	CACAGCAGC	1:0:1	0:0:9	1	-	-	1
# oligo_rc	BEAD_AB59-E11	TTCATCTCC	1:0:1	0:0:9	1	-	-	1
# oligo_rc	BEAD_AB60-E12	AGCGCCTCC	1:0:1	0:0:9	1	-	-	1
# oligo_rc	BEAD_AB61-F1	TAGTCTGCC	1:0:1	0:0:9	1	-	-	1
# oligo_rc	BEAD_AB62-F2	ATACTAGCC	1:0:1	0:0:9	1	-	-	1
# oligo_rc	BEAD_AB63-F3	CCGCATACC	1:0:1	0:0:9	1	-	-	1
# oligo_rc	BEAD_AB64-F4	CATGTCACC	1:0:1	0:0:9	1	-	-	1
# oligo_rc	BEAD_AB65-F5	GAGCCAACC	1:0:1	0:0:9	1	-	-	1
# oligo_rc	BEAD_AB66-F6	TGCGGATAC	1:0:1	0:0:9	1	-	-	1
# oligo_rc	BEAD_AB67-F7	TTACGTAAC	1:0:1	0:0:9	1	-	-	1
# oligo_rc	BEAD_AB68-F8	ATGGCTAAC	1:0:1	0:0:9	1	-	-	1
# oligo_rc	BEAD_AB69-F9	ACATCGAAC	1:0:1	0:0:9	1	-	-	1
# oligo_rc	BEAD_AB70-F10	GGTAAGAAC	1:0:1	0:0:9	1	-	-	1
# oligo_rc	BEAD_AB71-F11	GAAGGCAAC	1:0:1	0:0:9	1	-	-	1
# oligo_rc	BEAD_AB72-F12	ATGGACGTA	1:0:1	0:0:9	1	-	-	1
# oligo_rc	BEAD_AB73-G1	TGCGATCTA	1:0:1	0:0:9	1	-	-	1
# oligo_rc	BEAD_AB74-G2	CTGTCTATA	1:0:1	0:0:9	1	-	-	1
# oligo_rc	BEAD_AB75-G3	CACTACTGA	1:0:1	0:0:9	1	-	-	1
# oligo_rc	BEAD_AB76-G4	ACAACATGA	1:0:1	0:0:9	1	-	-	1
# oligo_rc	BEAD_AB77-G5	TTAGCGCGA	1:0:1	0:0:9	1	-	-	1
# oligo_rc	BEAD_AB78-G6	CATACACGA	1:0:1	0:0:9	1	-	-	1
# oligo_rc	BEAD_AB79-G7	GCATGTAGA	1:0:1	0:0:9	1	-	-	1
# oligo_rc	BEAD_AB80-G8	AGCCGGAGA	1:0:1	0:0:9	1	-	-	1
# oligo_rc	BEAD_AB81-G9	GTGGCGTCA	1:0:1	0:0:9	1	-	-	1
# oligo_rc	BEAD_AB82-G10	TGATTATCA	1:0:1	0:0:9	1	-	-	1
# oligo_rc	BEAD_AB83-G11	CTGTGATCA	1:0:1	0:0:9	1	-	-	1
# oligo_rc	BEAD_AB84-G12	TCCGCTGCA	1:0:1	0:0:9	1	-	-	1
# oligo_rc	BEAD_AB85-H1	GGTTGAGCA	1:0:1	0:0:9	1	-	-	1
# oligo_rc	BEAD_AB86-H2	GGTACGCCA	1:0:1	0:0:9	1	-	-	1
# oligo_rc	BEAD_AB87-H3	AGTGAACCA	1:0:1	0:0:9	1	-	-	1
# oligo_rc	BEAD_AB88-H4	CACCTTACA	1:0:1	0:0:9	1	-	-	1
# oligo_rc	BEAD_AB89-H5	TCGCTGACA	1:0:1	0:0:9	1	-	-	1
# oligo_rc	BEAD_AB90-H6	TATTGCTAA	1:0:1	0:0:9	1	-	-	1
# oligo_rc	BEAD_AB91-H7	CGGTTGGAA	1:0:1	0:0:9	1	-	-	1
# oligo_rc	BEAD_AB92-H8	GCTATGGAA	1:0:1	0:0:9	1	-	-	1
# oligo_rc	BEAD_AB93-H9	ATCTAGGAA	1:0:1	0:0:9	1	-	-	1
# oligo_rc	BEAD_AB94-H10	GTATTAGAA	1:0:1	0:0:9	1	-	-	1
# oligo_rc	BEAD_AB95-H11	CAATCTCAA	1:0:1	0:0:9	1	-	-	1
# oligo_rc	BEAD_AB96-H12	CCGCTCCAA	1:0:1	0:0:9	1	-	-	1
LigEven	LigEven	CAAGTCA	1:0:1	0:17:24	1	{{oligo_rc}}8-8	1	-
OddTop1	O1	AGCTAGATTCCACGAAG	1:1:1	0:24:0	1	{LigEven}0-4	-	-
OddTop1	O2	AACTCTAACGCACAGGA	1:1:1	0:24:0	1	{LigEven}0-4	-	-
OddTop1	O3	AACGGACACCTCTAGTG	1:1:1	0:24:0	1	{LigEven}0-4	-	-
OddTop1	O4	AAGGACTAACCGAGTAT	1:1:1	0:24:0	1	{LigEven}0-4	-	-
OddTop1	O5	AACAGAATGAGAACGAT	1:1:1	0:24:0	1	{LigEven}0-4	-	-
OddTop1	O6	AAGTCCTTATCGGCGTT	1:1:1	0:24:0	1	{LigEven}0-4	-	-
OddTop1	O7	AGCTAGAGGCTTCCAGC	1:1:1	0:24:0	1	{LigEven}0-4	-	-
OddTop1	O8	AGCGTTGATCCTCACGA	1:1:1	0:24:0	1	{LigEven}0-4	-	-
OddTop1	O9	AATCTGCTACGGTATCA	1:1:1	0:24:0	1	{LigEven}0-4	-	-
OddTop1	O10	AAGGCTGTGTGTTAGAA	1:1:1	0:24:0	1	{LigEven}0-4	-	-
OddTop1	O11	AAGGTGAAGTGCCACTA	1:1:1	0:24:0	1	{LigEven}0-4	-	-
OddTop1	O12	AAGACCGAACCACTTCG	1:1:1	0:24:0	1	{LigEven}0-4	-	-
OddTop1	O13	AAGATACTTCTGTAGGC	1:1:1	0:24:0	1	{LigEven}0-4	-	-
OddTop1	O14	AATGGTCTGTTGCCGAC	1:1:1	0:24:0	1	{LigEven}0-4	-	-
OddTop1	O15	AACAAGATTATAGCACG	1:1:1	0:24:0	1	{LigEven}0-4	-	-
OddTop1	O16	AAACCTAGCGTTCTACT	1:1:1	0:24:0	1	{LigEven}0-4	-	-
OddTop1	O17	AGCGGCGTGGTATGATG	1:1:1	0:24:0	1	{LigEven}0-4	-	-
OddTop1	O18	AGCTCACTGTCCAGGAT	1:1:1	0:24:0	1	{LigEven}0-4	-	-
OddTop1	O19	AATCTCTAAGGAGAACG	1:1:1	0:24:0	1	{LigEven}0-4	-	-
OddTop1	O20	AAGATAGCATGGAACGT	1:1:1	0:24:0	1	{LigEven}0-4	-	-
OddTop1	O21	AATGAACGGTGCTATCC	1:1:1	0:24:0	1	{LigEven}0-4	-	-
OddTop1	O22	AAGTCTGGTGCTTGGTC	1:1:1	0:24:0	1	{LigEven}0-4	-	-
OddTop1	O23	AAGTAGCATAGGAAGGT	1:1:1	0:24:0	1	{LigEven}0-4	-	-
OddTop1	O24	AGCCTTCACAGCGTTAG	1:1:1	0:24:0	1	{LigEven}0-4	-	-
OddTop1	O25	AGCCTATGAGTAATACC	1:1:1	0:24:0	1	{LigEven}0-4	-	-
OddTop1	O26	AGCTCAGGCGTGACCGC	1:1:1	0:24:0	1	{LigEven}0-4	-	-
OddTop1	O27	AAATTGCTCCACTCGAA	1:1:1	0:24:0	1	{LigEven}0-4	-	-
OddTop1	O28	AAGCCTCACTAGGCGGA	1:1:1	0:24:0	1	{LigEven}0-4	-	-
OddTop1	O29	AAGCCTTATCACATCAT	1:1:1	0:24:0	1	{LigEven}0-4	-	-
OddTop1	O30	AGCTCCAAGACAAGAAG	1:1:1	0:24:0	1	{LigEven}0-4	-	-
OddTop1	O31	AACTCGGACACCTTGAG	1:1:1	0:24:0	1	{LigEven}0-4	-	-
OddTop1	O32	AGCGTGATGCAAGAGAC	1:1:1	0:24:0	1	{LigEven}0-4	-	-
OddTop1	O33	AAGTCTGCGGCACTCAT	1:1:1	0:24:0	1	{LigEven}0-4	-	-
OddTop1	O34	AATGAAGATGCAATAGG	1:1:1	0:24:0	1	{LigEven}0-4	-	-
OddTop1	O35	AACAGGCTATCCTCGAT	1:1:1	0:24:0	1	{LigEven}0-4	-	-
OddTop1	O36	AACACATCATCTCGGAG	1:1:1	0:24:0	1	{LigEven}0-4	-	-
OddTop1	O37	AATAAGGTGGCTTGTCT	1:1:1	0:24:0	1	{LigEven}0-4	-	-
OddTop1	O38	AAGTTAGAGGCACGGCG	1:1:1	0:24:0	1	{LigEven}0-4	-	-
OddTop1	O39	AACAATGCAAGCAACCA	1:1:1	0:24:0	1	{LigEven}0-4	-	-
OddTop1	O40	ACAATAGGACGTTGCTG	1:1:1	0:24:0	1	{LigEven}0-4	-	-
OddTop1	O41	AGCGGAGGCTGCAACCA	1:1:1	0:24:0	1	{LigEven}0-4	-	-
OddTop1	O42	AACTGACGTAATGAACG	1:1:1	0:24:0	1	{LigEven}0-4	-	-
OddTop1	O43	AAGCCACATATTCATAT	1:1:1	0:24:0	1	{LigEven}0-4	-	-
OddTop1	O44	AAGTCGCACCGAGTGAC	1:1:1	0:24:0	1	{LigEven}0-4	-	-
OddTop1	O45	AACGTCTTCTACTAGGC	1:1:1	0:24:0	1	{LigEven}0-4	-	-
OddTop1	O46	AATGTGTAGGTTAGCAC	1:1:1	0:24:0	1	{LigEven}0-4	-	-
OddTop1	O47	AATCAGCCTTCCTGAGT	1:1:1	0:24:0	1	{LigEven}0-4	-	-
OddTop1	O48	AAGGTCTTATGTCAGCG	1:1:1	0:24:0	1	{LigEven}0-4	-	-
OddTop1	O49	AATCCTTAGTTAGAGGC	1:1:1	0:24:0	1	{LigEven}0-4	-	-
OddTop1	O50	AACCGCTGCGATTGATA	1:1:1	0:24:0	1	{LigEven}0-4	-	-
OddTop1	O51	AGCGTAACTGCATGGCG	1:1:1	0:24:0	1	{LigEven}0-4	-	-
OddTop1	O52	AGCTACGTCGTAGGCAC	1:1:1	0:24:0	1	{LigEven}0-4	-	-
OddTop1	O53	AATACACGGTGATTGTA	1:1:1	0:24:0	1	{LigEven}0-4	-	-
OddTop1	O54	AAGGCTTATGAAGAGCA	1:1:1	0:24:0	1	{LigEven}0-4	-	-
OddTop1	O55	ACAAGTGCCTATATTCA	1:1:1	0:24:0	1	{LigEven}0-4	-	-
OddTop1	O56	AATCGGCTCACAGATAT	1:1:1	0:24:0	1	{LigEven}0-4	-	-
OddTop1	O57	AACGGTGTATTCAATTA	1:1:1	0:24:0	1	{LigEven}0-4	-	-
OddTop1	O58	AGCCTATTCGAGATATG	1:1:1	0:24:0	1	{LigEven}0-4	-	-
OddTop1	O59	AACATGAGCCGTTGCCA	1:1:1	0:24:0	1	{LigEven}0-4	-	-
OddTop1	O60	AAGCATTCATCCTCTCA	1:1:1	0:24:0	1	{LigEven}0-4	-	-
OddTop1	O61	AAGCGGTGCTTGACACC	1:1:1	0:24:0	1	{LigEven}0-4	-	-
OddTop1	O62	AAGGCATTCGACCTAGT	1:1:1	0:24:0	1	{LigEven}0-4	-	-
OddTop1	O63	AACACGGTGACGAACTA	1:1:1	0:24:0	1	{LigEven}0-4	-	-
OddTop1	O64	AAGTTCAACGTGTGACG	1:1:1	0:24:0	1	{LigEven}0-4	-	-
OddTop1	O65	AATGGCACCAGAGTATG	1:1:1	0:24:0	1	{LigEven}0-4	-	-
OddTop1	O66	AGCGTCTCTTGGTGACC	1:1:1	0:24:0	1	{LigEven}0-4	-	-
OddTop1	O67	AATACGAGGCGGAAGGC	1:1:1	0:24:0	1	{LigEven}0-4	-	-
OddTop1	O68	AATAGACCGTCTGTCTA	1:1:1	0:24:0	1	{LigEven}0-4	-	-
OddTop1	O69	AGCTAAGTGGAATGGCA	1:1:1	0:24:0	1	{LigEven}0-4	-	-
OddTop1	O70	AACGCATGGAGTTCGTC	1:1:1	0:24:0	1	{LigEven}0-4	-	-
OddTop1	O71	AATAGGCAGTCTTGCCG	1:1:1	0:24:0	1	{LigEven}0-4	-	-
OddTop1	O72	AAGCCTAATTGAGTCTG	1:1:1	0:24:0	1	{LigEven}0-4	-	-
OddTop1	O73	ACAATTATATTGCGGTG	1:1:1	0:24:0	1	{LigEven}0-4	-	-
OddTop1	O74	AGCCTCGTTCATTGATT	1:1:1	0:24:0	1	{LigEven}0-4	-	-
OddTop1	O75	AAGAGTCCGATGACGCT	1:1:1	0:24:0	1	{LigEven}0-4	-	-
OddTop1	O76	AATCTCACTGCGTCCTT	1:1:1	0:24:0	1	{LigEven}0-4	-	-
OddTop1	O77	AAACGGAAGTGTTCAAC	1:1:1	0:24:0	1	{LigEven}0-4	-	-
OddTop1	O78	AACTTGCTCCTACACAA	1:1:1	0:24:0	1	{LigEven}0-4	-	-
OddTop1	O79	ACAATCCGTTAAGCAAT	1:1:1	0:24:0	1	{LigEven}0-4	-	-
OddTop1	O80	AACAATGAGTGCGATAC	1:1:1	0:24:0	1	{LigEven}0-4	-	-
OddTop1	O81	AGCGACGACACTGGAGG	1:1:1	0:24:0	1	{LigEven}0-4	-	-
OddTop1	O82	AACGGCGTCCATCGGAC	1:1:1	0:24:0	1	{LigEven}0-4	-	-
OddTop1	O83	AATAGTATCCTGCGTTA	1:1:1	0:24:0	1	{LigEven}0-4	-	-
OddTop1	O84	AACTAGCGATGACACGA	1:1:1	0:24:0	1	{LigEven}0-4	-	-
OddTop1	O85	AAGGTGACAGACACAGC	1:1:1	0:24:0	1	{LigEven}0-4	-	-
OddTop1	O86	ACACACAACCTAGCCAA	1:1:1	0:24:0	1	{LigEven}0-4	-	-
OddTop1	O87	AACGCCTAACGAACCGA	1:1:1	0:24:0	1	{LigEven}0-4	-	-
OddTop1	O88	AAAGTAGGTGCCGTATA	1:1:1	0:24:0	1	{LigEven}0-4	-	-
OddTop1	O89	AATCGCTCGACGTGTGA	1:1:1	0:24:0	1	{LigEven}0-4	-	-
OddTop1	O90	AGCGATCCAGATTGAGA	1:1:1	0:24:0	1	{LigEven}0-4	-	-
OddTop1	O91	AATCCGTGTGTTGGAAG	1:1:1	0:24:0	1	{LigEven}0-4	-	-
OddTop1	O92	AACTCGACAGATGTAGG	1:1:1	0:24:0	1	{LigEven}0-4	-	-
OddTop1	O93	AAGCTAACACGCACTCC	1:1:1	0:24:0	1	{LigEven}0-4	-	-
OddTop1	O94	AGCGACTGACCTCGTTG	1:1:1	0:24:0	1	{LigEven}0-4	-	-
OddTop1	O95	AAGATACCTCCAAGAGC	1:1:1	0:24:0	1	{LigEven}0-4	-	-
OddTop1	O96	AACAATCCGAGGCTTCT	1:1:1	0:24:0	1	{LigEven}0-4	-	-
EvenTop1	E1	ACGTCAGCCGCAGTATC	1:1:1	0:24:0	1	{{OddTop1}}4-10	-	-
EvenTop1	E2	AGATTCCAGAACCTACA	1:1:1	0:24:0	1	{{OddTop1}}4-10	-	-
EvenTop1	E3	AGATGGAGTCACGGCAC	1:1:1	0:24:0	1	{{OddTop1}}4-10	-	-
EvenTop1	E4	AGACGACCTGGACTACG	1:1:1	0:24:0	1	{{OddTop1}}4-10	-	-
EvenTop1	E5	ACTAATTGCGATCTTCT	1:1:1	0:24:0	1	{{OddTop1}}4-10	-	-
EvenTop1	E6	ACTCCGCAAGGCTTGAA	1:1:1	0:24:0	1	{{OddTop1}}4-10	-	-
EvenTop1	E7	AGCAATTAGAGGTCCAT	1:1:1	0:24:0	1	{{OddTop1}}4-10	-	-
EvenTop1	E8	AGCATCACTACGCAACA	1:1:1	0:24:0	1	{{OddTop1}}4-10	-	-
EvenTop1	E9	ACGCTGGTATCCATGCG	1:1:1	0:24:0	1	{{OddTop1}}4-10	-	-
EvenTop1	E10	ACATGGACAGGTCATCG	1:1:1	0:24:0	1	{{OddTop1}}4-10	-	-
EvenTop1	E11	AGAATACGATGGTGTGC	1:1:1	0:24:0	1	{{OddTop1}}4-10	-	-
EvenTop1	E12	ACTGATTCGGAAGTAGC	1:1:1	0:24:0	1	{{OddTop1}}4-10	-	-
EvenTop1	E13	ACAACCTTAATGTCACG	1:1:1	0:24:0	1	{{OddTop1}}4-10	-	-
EvenTop1	E14	AGAACCGTCTAGCTTGA	1:1:1	0:24:0	1	{{OddTop1}}4-10	-	-
EvenTop1	E15	AACCTGGAGCACTTCTA	1:1:1	0:24:0	1	{{OddTop1}}4-10	-	-
EvenTop1	E16	ACTGCCTGTCCTATGCA	1:1:1	0:24:0	1	{{OddTop1}}4-10	-	-
EvenTop1	E17	AGAACATCTAGGAGCGT	1:1:1	0:24:0	1	{{OddTop1}}4-10	-	-
EvenTop1	E18	ACACTGGTGGCAATAAC	1:1:1	0:24:0	1	{{OddTop1}}4-10	-	-
EvenTop1	E19	ACCACTGAGAATCCGCC	1:1:1	0:24:0	1	{{OddTop1}}4-10	-	-
EvenTop1	E20	AGCAAGGATCTCGTGCC	1:1:1	0:24:0	1	{{OddTop1}}4-10	-	-
EvenTop1	E21	AACGAGACTCACACGAA	1:1:1	0:24:0	1	{{OddTop1}}4-10	-	-
EvenTop1	E22	AGATAGGTTCAGAGCCA	1:1:1	0:24:0	1	{{OddTop1}}4-10	-	-
EvenTop1	E23	ACACCGTGTGAAGCATT	1:1:1	0:24:0	1	{{OddTop1}}4-10	-	-
EvenTop1	E24	ACAGATGATCGTGTGCG	1:1:1	0:24:0	1	{{OddTop1}}4-10	-	-
EvenTop1	E25	ACGCCTAGACGTGAGGT	1:1:1	0:24:0	1	{{OddTop1}}4-10	-	-
EvenTop1	E26	ACGTAGTGGCAGGACTT	1:1:1	0:24:0	1	{{OddTop1}}4-10	-	-
EvenTop1	E27	ACTAGACCAGCTCAGCC	1:1:1	0:24:0	1	{{OddTop1}}4-10	-	-
EvenTop1	E28	AGAGAGGTGCTTGAGTT	1:1:1	0:24:0	1	{{OddTop1}}4-10	-	-
EvenTop1	E29	ACGGTGAGCAGTAGTCG	1:1:1	0:24:0	1	{{OddTop1}}4-10	-	-
EvenTop1	E30	ACGTCTTGCTAACTGGC	1:1:1	0:24:0	1	{{OddTop1}}4-10	-	-
EvenTop1	E31	AGATCCACACAGCAACA	1:1:1	0:24:0	1	{{OddTop1}}4-10	-	-
EvenTop1	E32	AGCATCCGTCCATTGAC	1:1:1	0:24:0	1	{{OddTop1}}4-10	-	-
EvenTop1	E33	ACTCTCGGCAGAGAATG	1:1:1	0:24:0	1	{{OddTop1}}4-10	-	-
EvenTop1	E34	AGCATGGAGGACTGTGC	1:1:1	0:24:0	1	{{OddTop1}}4-10	-	-
EvenTop1	E35	ACCATGCAGGCGGACAT	1:1:1	0:24:0	1	{{OddTop1}}4-10	-	-
EvenTop1	E36	AGAGACGTGACACCAGT	1:1:1	0:24:0	1	{{OddTop1}}4-10	-	-
EvenTop1	E37	ACCGTGGAACGTAATCA	1:1:1	0:24:0	1	{{OddTop1}}4-10	-	-
EvenTop1	E38	AGCACTATCTTGTTGGT	1:1:1	0:24:0	1	{{OddTop1}}4-10	-	-
EvenTop1	E39	ACCTCTCGCACTAATCG	1:1:1	0:24:0	1	{{OddTop1}}4-10	-	-
EvenTop1	E40	ACGACCTATACGATACC	1:1:1	0:24:0	1	{{OddTop1}}4-10	-	-
EvenTop1	E41	AGCACGCAACAATCTAT	1:1:1	0:24:0	1	{{OddTop1}}4-10	-	-
EvenTop1	E42	ACTGGACCAACGAGCAA	1:1:1	0:24:0	1	{{OddTop1}}4-10	-	-
EvenTop1	E43	ACTACCTCTCTGCGGTT	1:1:1	0:24:0	1	{{OddTop1}}4-10	-	-
EvenTop1	E44	AGATTATAGCAACGGAC	1:1:1	0:24:0	1	{{OddTop1}}4-10	-	-
EvenTop1	E45	ACGACACACGAACAACC	1:1:1	0:24:0	1	{{OddTop1}}4-10	-	-
EvenTop1	E46	ACCGTCGGCTTATCAAC	1:1:1	0:24:0	1	{{OddTop1}}4-10	-	-
EvenTop1	E47	AGCAGTAGAGTGTTCCA	1:1:1	0:24:0	1	{{OddTop1}}4-10	-	-
EvenTop1	E48	AGACGTGTCGAACAGTC	1:1:1	0:24:0	1	{{OddTop1}}4-10	-	-
EvenTop1	E49	ACAGACCGCCACCTAGT	1:1:1	0:24:0	1	{{OddTop1}}4-10	-	-
EvenTop1	E50	AGACGAACTCGTGATTC	1:1:1	0:24:0	1	{{OddTop1}}4-10	-	-
EvenTop1	E51	ACAGCCTTAACGAAGGA	1:1:1	0:24:0	1	{{OddTop1}}4-10	-	-
EvenTop1	E52	AACCTAGTCAGTCGTCG	1:1:1	0:24:0	1	{{OddTop1}}4-10	-	-
EvenTop1	E53	ACTTCAGCGGTGTAGAG	1:1:1	0:24:0	1	{{OddTop1}}4-10	-	-
EvenTop1	E54	ACATCACGGAAGCAGGT	1:1:1	0:24:0	1	{{OddTop1}}4-10	-	-
EvenTop1	E55	AGAAGGTGAGTCGATGC	1:1:1	0:24:0	1	{{OddTop1}}4-10	-	-
EvenTop1	E56	ACGGACTCAGGAATCAG	1:1:1	0:24:0	1	{{OddTop1}}4-10	-	-
EvenTop1	E57	AGACGAATGCCTGGACT	1:1:1	0:24:0	1	{{OddTop1}}4-10	-	-
EvenTop1	E58	ACTTCCACTGCACGCTC	1:1:1	0:24:0	1	{{OddTop1}}4-10	-	-
EvenTop1	E59	AGCCGTTGACAGGATAG	1:1:1	0:24:0	1	{{OddTop1}}4-10	-	-
EvenTop1	E60	AGAGAAGGCTCCGTGGT	1:1:1	0:24:0	1	{{OddTop1}}4-10	-	-
EvenTop1	E61	AGCACCATCATTGATAT	1:1:1	0:24:0	1	{{OddTop1}}4-10	-	-
EvenTop1	E62	AACGGCAATATGGTTAC	1:1:1	0:24:0	1	{{OddTop1}}4-10	-	-
EvenTop1	E63	ACCACTAGATCCTCCGA	1:1:1	0:24:0	1	{{OddTop1}}4-10	-	-
EvenTop1	E64	AATGGTTGTGGTGCGAC	1:1:1	0:24:0	1	{{OddTop1}}4-10	-	-
EvenTop1	E65	ACCAGTAAGCCACGGAA	1:1:1	0:24:0	1	{{OddTop1}}4-10	-	-
EvenTop1	E66	ACGCCAGTTGAACGTGG	1:1:1	0:24:0	1	{{OddTop1}}4-10	-	-
EvenTop1	E67	AGCCATGTGCGTGTTCC	1:1:1	0:24:0	1	{{OddTop1}}4-10	-	-
EvenTop1	E68	AATTACGAGGTGCTAGT	1:1:1	0:24:0	1	{{OddTop1}}4-10	-	-
EvenTop1	E69	ACAGTCGCACCGTTGTA	1:1:1	0:24:0	1	{{OddTop1}}4-10	-	-
EvenTop1	E70	ACCACCTGTCCAGCTCA	1:1:1	0:24:0	1	{{OddTop1}}4-10	-	-
EvenTop1	E71	ACACGCTACGGCAAGCT	1:1:1	0:24:0	1	{{OddTop1}}4-10	-	-
EvenTop1	E72	ACAGCGGACGTAACAGG	1:1:1	0:24:0	1	{{OddTop1}}4-10	-	-
EvenTop1	E73	AGCATCGCAGAGGAATC	1:1:1	0:24:0	1	{{OddTop1}}4-10	-	-
EvenTop1	E74	AGATTCTCCAATCCTCT	1:1:1	0:24:0	1	{{OddTop1}}4-10	-	-
EvenTop1	E75	ACCTAGTTAATGAAGCC	1:1:1	0:24:0	1	{{OddTop1}}4-10	-	-
EvenTop1	E76	ACCTTATCATGCGACCA	1:1:1	0:24:0	1	{{OddTop1}}4-10	-	-
EvenTop1	E77	ACCTCAGTCACTTCACG	1:1:1	0:24:0	1	{{OddTop1}}4-10	-	-
EvenTop1	E78	ACTTATGAGTTCCAGCG	1:1:1	0:24:0	1	{{OddTop1}}4-10	-	-
EvenTop1	E79	ACTGTAGGATTGCTGGC	1:1:1	0:24:0	1	{{OddTop1}}4-10	-	-
EvenTop1	E80	ACCAACTCGGTATACGC	1:1:1	0:24:0	1	{{OddTop1}}4-10	-	-
EvenTop1	E81	ACGGCACCTCGATACGG	1:1:1	0:24:0	1	{{OddTop1}}4-10	-	-
EvenTop1	E82	AATTATCAGAGTGCGGA	1:1:1	0:24:0	1	{{OddTop1}}4-10	-	-
EvenTop1	E83	ACGGATCAATATCGACA	1:1:1	0:24:0	1	{{OddTop1}}4-10	-	-
EvenTop1	E84	AGAATCGCCACAGCGTC	1:1:1	0:24:0	1	{{OddTop1}}4-10	-	-
EvenTop1	E85	AGATGACGTAAGCTACC	1:1:1	0:24:0	1	{{OddTop1}}4-10	-	-
EvenTop1	E86	ACCGAACACACGCATTG	1:1:1	0:24:0	1	{{OddTop1}}4-10	-	-
EvenTop1	E87	ACGGTGTATAGAGCGTC	1:1:1	0:24:0	1	{{OddTop1}}4-10	-	-
EvenTop1	E88	ACCTATTAGCCAAGCGT	1:1:1	0:24:0	1	{{OddTop1}}4-10	-	-
EvenTop1	E89	ACACAGCGGATGTCGGT	1:1:1	0:24:0	1	{{OddTop1}}4-10	-	-
EvenTop1	E90	ACGGTATCCGAAGACTC	1:1:1	0:24:0	1	{{OddTop1}}4-10	-	-
EvenTop1	E91	ACACTGCCATAAGCGTT	1:1:1	0:24:0	1	{{OddTop1}}4-10	-	-
EvenTop1	E92	AATTCTTGAATCAACCA	1:1:1	0:24:0	1	{{OddTop1}}4-10	-	-
EvenTop1	E93	ACGGACTAGACAGGACC	1:1:1	0:24:0	1	{{OddTop1}}4-10	-	-
EvenTop1	E94	ACGCAGTACAATAGGCG	1:1:1	0:24:0	1	{{OddTop1}}4-10	-	-
EvenTop1	E95	ACTATACCTTCCGCTTC	1:1:1	0:24:0	1	{{OddTop1}}4-10	-	-
EvenTop1	E96	AGATTACGACTGGAGCG	1:1:1	0:24:0	1	{{OddTop1}}4-10	-	-
# OddTop2	O1	AGCTAGATTCCACGAAG	1:1:1	0:24:0	1	{{EvenTop1}}4-10	-	-
# OddTop2	O2	AACTCTAACGCACAGGA	1:1:1	0:24:0	1	{{EvenTop1}}4-10	-	-
# OddTop2	O3	AACGGACACCTCTAGTG	1:1:1	0:24:0	1	{{EvenTop1}}4-10	-	-
# OddTop2	O4	AAGGACTAACCGAGTAT	1:1:1	0:24:0	1	{{EvenTop1}}4-10	-	-
# OddTop2	O5	AACAGAATGAGAACGAT	1:1:1	0:24:0	1	{{EvenTop1}}4-10	-	-
# OddTop2	O6	AAGTCCTTATCGGCGTT	1:1:1	0:24:0	1	{{EvenTop1}}4-10	-	-
# OddTop2	O7	AGCTAGAGGCTTCCAGC	1:1:1	0:24:0	1	{{EvenTop1}}4-10	-	-
# OddTop2	O8	AGCGTTGATCCTCACGA	1:1:1	0:24:0	1	{{EvenTop1}}4-10	-	-
# OddTop2	O9	AATCTGCTACGGTATCA	1:1:1	0:24:0	1	{{EvenTop1}}4-10	-	-
# OddTop2	O10	AAGGCTGTGTGTTAGAA	1:1:1	0:24:0	1	{{EvenTop1}}4-10	-	-
# OddTop2	O11	AAGGTGAAGTGCCACTA	1:1:1	0:24:0	1	{{EvenTop1}}4-10	-	-
# OddTop2	O12	AAGACCGAACCACTTCG	1:1:1	0:24:0	1	{{EvenTop1}}4-10	-	-
# OddTop2	O13	AAGATACTTCTGTAGGC	1:1:1	0:24:0	1	{{EvenTop1}}4-10	-	-
# OddTop2	O14	AATGGTCTGTTGCCGAC	1:1:1	0:24:0	1	{{EvenTop1}}4-10	-	-
# OddTop2	O15	AACAAGATTATAGCACG	1:1:1	0:24:0	1	{{EvenTop1}}4-10	-	-
# OddTop2	O16	AAACCTAGCGTTCTACT	1:1:1	0:24:0	1	{{EvenTop1}}4-10	-	-
# OddTop2	O17	AGCGGCGTGGTATGATG	1:1:1	0:24:0	1	{{EvenTop1}}4-10	-	-
# OddTop2	O18	AGCTCACTGTCCAGGAT	1:1:1	0:24:0	1	{{EvenTop1}}4-10	-	-
# OddTop2	O19	AATCTCTAAGGAGAACG	1:1:1	0:24:0	1	{{EvenTop1}}4-10	-	-
# OddTop2	O20	AAGATAGCATGGAACGT	1:1:1	0:24:0	1	{{EvenTop1}}4-10	-	-
# OddTop2	O21	AATGAACGGTGCTATCC	1:1:1	0:24:0	1	{{EvenTop1}}4-10	-	-
# OddTop2	O22	AAGTCTGGTGCTTGGTC	1:1:1	0:24:0	1	{{EvenTop1}}4-10	-	-
# OddTop2	O23	AAGTAGCATAGGAAGGT	1:1:1	0:24:0	1	{{EvenTop1}}4-10	-	-
# OddTop2	O24	AGCCTTCACAGCGTTAG	1:1:1	0:24:0	1	{{EvenTop1}}4-10	-	-
# OddTop2	O25	AGCCTATGAGTAATACC	1:1:1	0:24:0	1	{{EvenTop1}}4-10	-	-
# OddTop2	O26	AGCTCAGGCGTGACCGC	1:1:1	0:24:0	1	{{EvenTop1}}4-10	-	-
# OddTop2	O27	AAATTGCTCCACTCGAA	1:1:1	0:24:0	1	{{EvenTop1}}4-10	-	-
# OddTop2	O28	AAGCCTCACTAGGCGGA	1:1:1	0:24:0	1	{{EvenTop1}}4-10	-	-
# OddTop2	O29	AAGCCTTATCACATCAT	1:1:1	0:24:0	1	{{EvenTop1}}4-10	-	-
# OddTop2	O30	AGCTCCAAGACAAGAAG	1:1:1	0:24:0	1	{{EvenTop1}}4-10	-	-
# OddTop2	O31	AACTCGGACACCTTGAG	1:1:1	0:24:0	1	{{EvenTop1}}4-10	-	-
# OddTop2	O32	AGCGTGATGCAAGAGAC	1:1:1	0:24:0	1	{{EvenTop1}}4-10	-	-
# OddTop2	O33	AAGTCTGCGGCACTCAT	1:1:1	0:24:0	1	{{EvenTop1}}4-10	-	-
# OddTop2	O34	AATGAAGATGCAATAGG	1:1:1	0:24:0	1	{{EvenTop1}}4-10	-	-
# OddTop2	O35	AACAGGCTATCCTCGAT	1:1:1	0:24:0	1	{{EvenTop1}}4-10	-	-
# OddTop2	O36	AACACATCATCTCGGAG	1:1:1	0:24:0	1	{{EvenTop1}}4-10	-	-
# OddTop2	O37	AATAAGGTGGCTTGTCT	1:1:1	0:24:0	1	{{EvenTop1}}4-10	-	-
# OddTop2	O38	AAGTTAGAGGCACGGCG	1:1:1	0:24:0	1	{{EvenTop1}}4-10	-	-
# OddTop2	O39	AACAATGCAAGCAACCA	1:1:1	0:24:0	1	{{EvenTop1}}4-10	-	-
# OddTop2	O40	ACAATAGGACGTTGCTG	1:1:1	0:24:0	1	{{EvenTop1}}4-10	-	-
# OddTop2	O41	AGCGGAGGCTGCAACCA	1:1:1	0:24:0	1	{{EvenTop1}}4-10	-	-
# OddTop2	O42	AACTGACGTAATGAACG	1:1:1	0:24:0	1	{{EvenTop1}}4-10	-	-
# OddTop2	O43	AAGCCACATATTCATAT	1:1:1	0:24:0	1	{{EvenTop1}}4-10	-	-
# OddTop2	O44	AAGTCGCACCGAGTGAC	1:1:1	0:24:0	1	{{EvenTop1}}4-10	-	-
# OddTop2	O45	AACGTCTTCTACTAGGC	1:1:1	0:24:0	1	{{EvenTop1}}4-10	-	-
# OddTop2	O46	AATGTGTAGGTTAGCAC	1:1:1	0:24:0	1	{{EvenTop1}}4-10	-	-
# OddTop2	O47	AATCAGCCTTCCTGAGT	1:1:1	0:24:0	1	{{EvenTop1}}4-10	-	-
# OddTop2	O48	AAGGTCTTATGTCAGCG	1:1:1	0:24:0	1	{{EvenTop1}}4-10	-	-
# OddTop2	O49	AATCCTTAGTTAGAGGC	1:1:1	0:24:0	1	{{EvenTop1}}4-10	-	-
# OddTop2	O50	AACCGCTGCGATTGATA	1:1:1	0:24:0	1	{{EvenTop1}}4-10	-	-
# OddTop2	O51	AGCGTAACTGCATGGCG	1:1:1	0:24:0	1	{{EvenTop1}}4-10	-	-
# OddTop2	O52	AGCTACGTCGTAGGCAC	1:1:1	0:24:0	1	{{EvenTop1}}4-10	-	-
# OddTop2	O53	AATACACGGTGATTGTA	1:1:1	0:24:0	1	{{EvenTop1}}4-10	-	-
# OddTop2	O54	AAGGCTTATGAAGAGCA	1:1:1	0:24:0	1	{{EvenTop1}}4-10	-	-
# OddTop2	O55	ACAAGTGCCTATATTCA	1:1:1	0:24:0	1	{{EvenTop1}}4-10	-	-
# OddTop2	O56	AATCGGCTCACAGATAT	1:1:1	0:24:0	1	{{EvenTop1}}4-10	-	-
# OddTop2	O57	AACGGTGTATTCAATTA	1:1:1	0:24:0	1	{{EvenTop1}}4-10	-	-
# OddTop2	O58	AGCCTATTCGAGATATG	1:1:1	0:24:0	1	{{EvenTop1}}4-10	-	-
# OddTop2	O59	AACATGAGCCGTTGCCA	1:1:1	0:24:0	1	{{EvenTop1}}4-10	-	-
# OddTop2	O60	AAGCATTCATCCTCTCA	1:1:1	0:24:0	1	{{EvenTop1}}4-10	-	-
# OddTop2	O61	AAGCGGTGCTTGACACC	1:1:1	0:24:0	1	{{EvenTop1}}4-10	-	-
# OddTop2	O62	AAGGCATTCGACCTAGT	1:1:1	0:24:0	1	{{EvenTop1}}4-10	-	-
# OddTop2	O63	AACACGGTGACGAACTA	1:1:1	0:24:0	1	{{EvenTop1}}4-10	-	-
# OddTop2	O64	AAGTTCAACGTGTGACG	1:1:1	0:24:0	1	{{EvenTop1}}4-10	-	-
# OddTop2	O65	AATGGCACCAGAGTATG	1:1:1	0:24:0	1	{{EvenTop1}}4-10	-	-
# OddTop2	O66	AGCGTCTCTTGGTGACC	1:1:1	0:24:0	1	{{EvenTop1}}4-10	-	-
# OddTop2	O67	AATACGAGGCGGAAGGC	1:1:1	0:24:0	1	{{EvenTop1}}4-10	-	-
# OddTop2	O68	AATAGACCGTCTGTCTA	1:1:1	0:24:0	1	{{EvenTop1}}4-10	-	-
# OddTop2	O69	AGCTAAGTGGAATGGCA	1:1:1	0:24:0	1	{{EvenTop1}}4-10	-	-
# OddTop2	O70	AACGCATGGAGTTCGTC	1:1:1	0:24:0	1	{{EvenTop1}}4-10	-	-
# OddTop2	O71	AATAGGCAGTCTTGCCG	1:1:1	0:24:0	1	{{EvenTop1}}4-10	-	-
# OddTop2	O72	AAGCCTAATTGAGTCTG	1:1:1	0:24:0	1	{{EvenTop1}}4-10	-	-
# OddTop2	O73	ACAATTATATTGCGGTG	1:1:1	0:24:0	1	{{EvenTop1}}4-10	-	-
# OddTop2	O74	AGCCTCGTTCATTGATT	1:1:1	0:24:0	1	{{EvenTop1}}4-10	-	-
# OddTop2	O75	AAGAGTCCGATGACGCT	1:1:1	0:24:0	1	{{EvenTop1}}4-10	-	-
# OddTop2	O76	AATCTCACTGCGTCCTT	1:1:1	0:24:0	1	{{EvenTop1}}4-10	-	-
# OddTop2	O77	AAACGGAAGTGTTCAAC	1:1:1	0:24:0	1	{{EvenTop1}}4-10	-	-
# OddTop2	O78	AACTTGCTCCTACACAA	1:1:1	0:24:0	1	{{EvenTop1}}4-10	-	-
# OddTop2	O79	ACAATCCGTTAAGCAAT	1:1:1	0:24:0	1	{{EvenTop1}}4-10	-	-
# OddTop2	O80	AACAATGAGTGCGATAC	1:1:1	0:24:0	1	{{EvenTop1}}4-10	-	-
# OddTop2	O81	AGCGACGACACTGGAGG	1:1:1	0:24:0	1	{{EvenTop1}}4-10	-	-
# OddTop2	O82	AACGGCGTCCATCGGAC	1:1:1	0:24:0	1	{{EvenTop1}}4-10	-	-
# OddTop2	O83	AATAGTATCCTGCGTTA	1:1:1	0:24:0	1	{{EvenTop1}}4-10	-	-
# OddTop2	O84	AACTAGCGATGACACGA	1:1:1	0:24:0	1	{{EvenTop1}}4-10	-	-
# OddTop2	O85	AAGGTGACAGACACAGC	1:1:1	0:24:0	1	{{EvenTop1}}4-10	-	-
# OddTop2	O86	ACACACAACCTAGCCAA	1:1:1	0:24:0	1	{{EvenTop1}}4-10	-	-
# OddTop2	O87	AACGCCTAACGAACCGA	1:1:1	0:24:0	1	{{EvenTop1}}4-10	-	-
# OddTop2	O88	AAAGTAGGTGCCGTATA	1:1:1	0:24:0	1	{{EvenTop1}}4-10	-	-
# OddTop2	O89	AATCGCTCGACGTGTGA	1:1:1	0:24:0	1	{{EvenTop1}}4-10	-	-
# OddTop2	O90	AGCGATCCAGATTGAGA	1:1:1	0:24:0	1	{{EvenTop1}}4-10	-	-
# OddTop2	O91	AATCCGTGTGTTGGAAG	1:1:1	0:24:0	1	{{EvenTop1}}4-10	-	-
# OddTop2	O92	AACTCGACAGATGTAGG	1:1:1	0:24:0	1	{{EvenTop1}}4-10	-	-
# OddTop2	O93	AAGCTAACACGCACTCC	1:1:1	0:24:0	1	{{EvenTop1}}4-10	-	-
# OddTop2	O94	AGCGACTGACCTCGTTG	1:1:1	0:24:0	1	{{EvenTop1}}4-10	-	-
# OddTop2	O95	AAGATACCTCCAAGAGC	1:1:1	0:24:0	1	{{EvenTop1}}4-10	-	-
# OddTop2	O96	AACAATCCGAGGCTTCT	1:1:1	0:24:0	1	{{EvenTop1}}4-10	-	-
# EvenTop2	E1	ACGTCAGCCGCAGTATC	1:1:1	0:24:0	1	{{OddTop2}}4-10	-	-
# EvenTop2	E2	AGATTCCAGAACCTACA	1:1:1	0:24:0	1	{{OddTop2}}4-10	-	-
# EvenTop2	E3	AGATGGAGTCACGGCAC	1:1:1	0:24:0	1	{{OddTop2}}4-10	-	-
# EvenTop2	E4	AGACGACCTGGACTACG	1:1:1	0:24:0	1	{{OddTop2}}4-10	-	-
# EvenTop2	E5	ACTAATTGCGATCTTCT	1:1:1	0:24:0	1	{{OddTop2}}4-10	-	-
# EvenTop2	E6	ACTCCGCAAGGCTTGAA	1:1:1	0:24:0	1	{{OddTop2}}4-10	-	-
# EvenTop2	E7	AGCAATTAGAGGTCCAT	1:1:1	0:24:0	1	{{OddTop2}}4-10	-	-
# EvenTop2	E8	AGCATCACTACGCAACA	1:1:1	0:24:0	1	{{OddTop2}}4-10	-	-
# EvenTop2	E9	ACGCTGGTATCCATGCG	1:1:1	0:24:0	1	{{OddTop2}}4-10	-	-
# EvenTop2	E10	ACATGGACAGGTCATCG	1:1:1	0:24:0	1	{{OddTop2}}4-10	-	-
# EvenTop2	E11	AGAATACGATGGTGTGC	1:1:1	0:24:0	1	{{OddTop2}}4-10	-	-
# EvenTop2	E12	ACTGATTCGGAAGTAGC	1:1:1	0:24:0	1	{{OddTop2}}4-10	-	-
# EvenTop2	E13	ACAACCTTAATGTCACG	1:1:1	0:24:0	1	{{OddTop2}}4-10	-	-
# EvenTop2	E14	AGAACCGTCTAGCTTGA	1:1:1	0:24:0	1	{{OddTop2}}4-10	-	-
# EvenTop2	E15	AACCTGGAGCACTTCTA	1:1:1	0:24:0	1	{{OddTop2}}4-10	-	-
# EvenTop2	E16	ACTGCCTGTCCTATGCA	1:1:1	0:24:0	1	{{OddTop2}}4-10	-	-
# EvenTop2	E17	AGAACATCTAGGAGCGT	1:1:1	0:24:0	1	{{OddTop2}}4-10	-	-
# EvenTop2	E18	ACACTGGTGGCAATAAC	1:1:1	0:24:0	1	{{OddTop2}}4-10	-	-
# EvenTop2	E19	ACCACTGAGAATCCGCC	1:1:1	0:24:0	1	{{OddTop2}}4-10	-	-
# EvenTop2	E20	AGCAAGGATCTCGTGCC	1:1:1	0:24:0	1	{{OddTop2}}4-10	-	-
# EvenTop2	E21	AACGAGACTCACACGAA	1:1:1	0:24:0	1	{{OddTop2}}4-10	-	-
# EvenTop2	E22	AGATAGGTTCAGAGCCA	1:1:1	0:24:0	1	{{OddTop2}}4-10	-	-
# EvenTop2	E23	ACACCGTGTGAAGCATT	1:1:1	0:24:0	1	{{OddTop2}}4-10	-	-
# EvenTop2	E24	ACAGATGATCGTGTGCG	1:1:1	0:24:0	1	{{OddTop2}}4-10	-	-
# EvenTop2	E25	ACGCCTAGACGTGAGGT	1:1:1	0:24:0	1	{{OddTop2}}4-10	-	-
# EvenTop2	E26	ACGTAGTGGCAGGACTT	1:1:1	0:24:0	1	{{OddTop2}}4-10	-	-
# EvenTop2	E27	ACTAGACCAGCTCAGCC	1:1:1	0:24:0	1	{{OddTop2}}4-10	-	-
# EvenTop2	E28	AGAGAGGTGCTTGAGTT	1:1:1	0:24:0	1	{{OddTop2}}4-10	-	-
# EvenTop2	E29	ACGGTGAGCAGTAGTCG	1:1:1	0:24:0	1	{{OddTop2}}4-10	-	-
# EvenTop2	E30	ACGTCTTGCTAACTGGC	1:1:1	0:24:0	1	{{OddTop2}}4-10	-	-
# EvenTop2	E31	AGATCCACACAGCAACA	1:1:1	0:24:0	1	{{OddTop2}}4-10	-	-
# EvenTop2	E32	AGCATCCGTCCATTGAC	1:1:1	0:24:0	1	{{OddTop2}}4-10	-	-
# EvenTop2	E33	ACTCTCGGCAGAGAATG	1:1:1	0:24:0	1	{{OddTop2}}4-10	-	-
# EvenTop2	E34	AGCATGGAGGACTGTGC	1:1:1	0:24:0	1	{{OddTop2}}4-10	-	-
# EvenTop2	E35	ACCATGCAGGCGGACAT	1:1:1	0:24:0	1	{{OddTop2}}4-10	-	-
# EvenTop2	E36	AGAGACGTGACACCAGT	1:1:1	0:24:0	1	{{OddTop2}}4-10	-	-
# EvenTop2	E37	ACCGTGGAACGTAATCA	1:1:1	0:24:0	1	{{OddTop2}}4-10	-	-
# EvenTop2	E38	AGCACTATCTTGTTGGT	1:1:1	0:24:0	1	{{OddTop2}}4-10	-	-
# EvenTop2	E39	ACCTCTCGCACTAATCG	1:1:1	0:24:0	1	{{OddTop2}}4-10	-	-
# EvenTop2	E40	ACGACCTATACGATACC	1:1:1	0:24:0	1	{{OddTop2}}4-10	-	-
# EvenTop2	E41	AGCACGCAACAATCTAT	1:1:1	0:24:0	1	{{OddTop2}}4-10	-	-
# EvenTop2	E42	ACTGGACCAACGAGCAA	1:1:1	0:24:0	1	{{OddTop2}}4-10	-	-
# EvenTop2	E43	ACTACCTCTCTGCGGTT	1:1:1	0:24:0	1	{{OddTop2}}4-10	-	-
# EvenTop2	E44	AGATTATAGCAACGGAC	1:1:1	0:24:0	1	{{OddTop2}}4-10	-	-
# EvenTop2	E45	ACGACACACGAACAACC	1:1:1	0:24:0	1	{{OddTop2}}4-10	-	-
# EvenTop2	E46	ACCGTCGGCTTATCAAC	1:1:1	0:24:0	1	{{OddTop2}}4-10	-	-
# EvenTop2	E47	AGCAGTAGAGTGTTCCA	1:1:1	0:24:0	1	{{OddTop2}}4-10	-	-
# EvenTop2	E48	AGACGTGTCGAACAGTC	1:1:1	0:24:0	1	{{OddTop2}}4-10	-	-
# EvenTop2	E49	ACAGACCGCCACCTAGT	1:1:1	0:24:0	1	{{OddTop2}}4-10	-	-
# EvenTop2	E50	AGACGAACTCGTGATTC	1:1:1	0:24:0	1	{{OddTop2}}4-10	-	-
# EvenTop2	E51	ACAGCCTTAACGAAGGA	1:1:1	0:24:0	1	{{OddTop2}}4-10	-	-
# EvenTop2	E52	AACCTAGTCAGTCGTCG	1:1:1	0:24:0	1	{{OddTop2}}4-10	-	-
# EvenTop2	E53	ACTTCAGCGGTGTAGAG	1:1:1	0:24:0	1	{{OddTop2}}4-10	-	-
# EvenTop2	E54	ACATCACGGAAGCAGGT	1:1:1	0:24:0	1	{{OddTop2}}4-10	-	-
# EvenTop2	E55	AGAAGGTGAGTCGATGC	1:1:1	0:24:0	1	{{OddTop2}}4-10	-	-
# EvenTop2	E56	ACGGACTCAGGAATCAG	1:1:1	0:24:0	1	{{OddTop2}}4-10	-	-
# EvenTop2	E57	AGACGAATGCCTGGACT	1:1:1	0:24:0	1	{{OddTop2}}4-10	-	-
# EvenTop2	E58	ACTTCCACTGCACGCTC	1:1:1	0:24:0	1	{{OddTop2}}4-10	-	-
# EvenTop2	E59	AGCCGTTGACAGGATAG	1:1:1	0:24:0	1	{{OddTop2}}4-10	-	-
# EvenTop2	E60	AGAGAAGGCTCCGTGGT	1:1:1	0:24:0	1	{{OddTop2}}4-10	-	-
# EvenTop2	E61	AGCACCATCATTGATAT	1:1:1	0:24:0	1	{{OddTop2}}4-10	-	-
# EvenTop2	E62	AACGGCAATATGGTTAC	1:1:1	0:24:0	1	{{OddTop2}}4-10	-	-
# EvenTop2	E63	ACCACTAGATCCTCCGA	1:1:1	0:24:0	1	{{OddTop2}}4-10	-	-
# EvenTop2	E64	AATGGTTGTGGTGCGAC	1:1:1	0:24:0	1	{{OddTop2}}4-10	-	-
# EvenTop2	E65	ACCAGTAAGCCACGGAA	1:1:1	0:24:0	1	{{OddTop2}}4-10	-	-
# EvenTop2	E66	ACGCCAGTTGAACGTGG	1:1:1	0:24:0	1	{{OddTop2}}4-10	-	-
# EvenTop2	E67	AGCCATGTGCGTGTTCC	1:1:1	0:24:0	1	{{OddTop2}}4-10	-	-
# EvenTop2	E68	AATTACGAGGTGCTAGT	1:1:1	0:24:0	1	{{OddTop2}}4-10	-	-
# EvenTop2	E69	ACAGTCGCACCGTTGTA	1:1:1	0:24:0	1	{{OddTop2}}4-10	-	-
# EvenTop2	E70	ACCACCTGTCCAGCTCA	1:1:1	0:24:0	1	{{OddTop2}}4-10	-	-
# EvenTop2	E71	ACACGCTACGGCAAGCT	1:1:1	0:24:0	1	{{OddTop2}}4-10	-	-
# EvenTop2	E72	ACAGCGGACGTAACAGG	1:1:1	0:24:0	1	{{OddTop2}}4-10	-	-
# EvenTop2	E73	AGCATCGCAGAGGAATC	1:1:1	0:24:0	1	{{OddTop2}}4-10	-	-
# EvenTop2	E74	AGATTCTCCAATCCTCT	1:1:1	0:24:0	1	{{OddTop2}}4-10	-	-
# EvenTop2	E75	ACCTAGTTAATGAAGCC	1:1:1	0:24:0	1	{{OddTop2}}4-10	-	-
# EvenTop2	E76	ACCTTATCATGCGACCA	1:1:1	0:24:0	1	{{OddTop2}}4-10	-	-
# EvenTop2	E77	ACCTCAGTCACTTCACG	1:1:1	0:24:0	1	{{OddTop2}}4-10	-	-
# EvenTop2	E78	ACTTATGAGTTCCAGCG	1:1:1	0:24:0	1	{{OddTop2}}4-10	-	-
# EvenTop2	E79	ACTGTAGGATTGCTGGC	1:1:1	0:24:0	1	{{OddTop2}}4-10	-	-
# EvenTop2	E80	ACCAACTCGGTATACGC	1:1:1	0:24:0	1	{{OddTop2}}4-10	-	-
# EvenTop2	E81	ACGGCACCTCGATACGG	1:1:1	0:24:0	1	{{OddTop2}}4-10	-	-
# EvenTop2	E82	AATTATCAGAGTGCGGA	1:1:1	0:24:0	1	{{OddTop2}}4-10	-	-
# EvenTop2	E83	ACGGATCAATATCGACA	1:1:1	0:24:0	1	{{OddTop2}}4-10	-	-
# EvenTop2	E84	AGAATCGCCACAGCGTC	1:1:1	0:24:0	1	{{OddTop2}}4-10	-	-
# EvenTop2	E85	AGATGACGTAAGCTACC	1:1:1	0:24:0	1	{{OddTop2}}4-10	-	-
# EvenTop2	E86	ACCGAACACACGCATTG	1:1:1	0:24:0	1	{{OddTop2}}4-10	-	-
# EvenTop2	E87	ACGGTGTATAGAGCGTC	1:1:1	0:24:0	1	{{OddTop2}}4-10	-	-
# EvenTop2	E88	ACCTATTAGCCAAGCGT	1:1:1	0:24:0	1	{{OddTop2}}4-10	-	-
# EvenTop2	E89	ACACAGCGGATGTCGGT	1:1:1	0:24:0	1	{{OddTop2}}4-10	-	-
# EvenTop2	E90	ACGGTATCCGAAGACTC	1:1:1	0:24:0	1	{{OddTop2}}4-10	-	-
# EvenTop2	E91	ACACTGCCATAAGCGTT	1:1:1	0:24:0	1	{{OddTop2}}4-10	-	-
# EvenTop2	E92	AATTCTTGAATCAACCA	1:1:1	0:24:0	1	{{OddTop2}}4-10	-	-
# EvenTop2	E93	ACGGACTAGACAGGACC	1:1:1	0:24:0	1	{{OddTop2}}4-10	-	-
# EvenTop2	E94	ACGCAGTACAATAGGCG	1:1:1	0:24:0	1	{{OddTop2}}4-10	-	-
# EvenTop2	E95	ACTATACCTTCCGCTTC	1:1:1	0:24:0	1	{{OddTop2}}4-10	-	-
# EvenTop2	E96	AGATTACGACTGGAGCG	1:1:1	0:24:0	1	{{OddTop2}}4-10	-	-
# OddTop3	O1	AGCTAGATTCCACGAAG	1:1:1	0:24:0	1	{{EvenTop2}}4-10	-	-
# OddTop3	O2	AACTCTAACGCACAGGA	1:1:1	0:24:0	1	{{EvenTop2}}4-10	-	-
# OddTop3	O3	AACGGACACCTCTAGTG	1:1:1	0:24:0	1	{{EvenTop2}}4-10	-	-
# OddTop3	O4	AAGGACTAACCGAGTAT	1:1:1	0:24:0	1	{{EvenTop2}}4-10	-	-
# OddTop3	O5	AACAGAATGAGAACGAT	1:1:1	0:24:0	1	{{EvenTop2}}4-10	-	-
# OddTop3	O6	AAGTCCTTATCGGCGTT	1:1:1	0:24:0	1	{{EvenTop2}}4-10	-	-
# OddTop3	O7	AGCTAGAGGCTTCCAGC	1:1:1	0:24:0	1	{{EvenTop2}}4-10	-	-
# OddTop3	O8	AGCGTTGATCCTCACGA	1:1:1	0:24:0	1	{{EvenTop2}}4-10	-	-
# OddTop3	O9	AATCTGCTACGGTATCA	1:1:1	0:24:0	1	{{EvenTop2}}4-10	-	-
# OddTop3	O10	AAGGCTGTGTGTTAGAA	1:1:1	0:24:0	1	{{EvenTop2}}4-10	-	-
# OddTop3	O11	AAGGTGAAGTGCCACTA	1:1:1	0:24:0	1	{{EvenTop2}}4-10	-	-
# OddTop3	O12	AAGACCGAACCACTTCG	1:1:1	0:24:0	1	{{EvenTop2}}4-10	-	-
# OddTop3	O13	AAGATACTTCTGTAGGC	1:1:1	0:24:0	1	{{EvenTop2}}4-10	-	-
# OddTop3	O14	AATGGTCTGTTGCCGAC	1:1:1	0:24:0	1	{{EvenTop2}}4-10	-	-
# OddTop3	O15	AACAAGATTATAGCACG	1:1:1	0:24:0	1	{{EvenTop2}}4-10	-	-
# OddTop3	O16	AAACCTAGCGTTCTACT	1:1:1	0:24:0	1	{{EvenTop2}}4-10	-	-
# OddTop3	O17	AGCGGCGTGGTATGATG	1:1:1	0:24:0	1	{{EvenTop2}}4-10	-	-
# OddTop3	O18	AGCTCACTGTCCAGGAT	1:1:1	0:24:0	1	{{EvenTop2}}4-10	-	-
# OddTop3	O19	AATCTCTAAGGAGAACG	1:1:1	0:24:0	1	{{EvenTop2}}4-10	-	-
# OddTop3	O20	AAGATAGCATGGAACGT	1:1:1	0:24:0	1	{{EvenTop2}}4-10	-	-
# OddTop3	O21	AATGAACGGTGCTATCC	1:1:1	0:24:0	1	{{EvenTop2}}4-10	-	-
# OddTop3	O22	AAGTCTGGTGCTTGGTC	1:1:1	0:24:0	1	{{EvenTop2}}4-10	-	-
# OddTop3	O23	AAGTAGCATAGGAAGGT	1:1:1	0:24:0	1	{{EvenTop2}}4-10	-	-
# OddTop3	O24	AGCCTTCACAGCGTTAG	1:1:1	0:24:0	1	{{EvenTop2}}4-10	-	-
# OddTop3	O25	AGCCTATGAGTAATACC	1:1:1	0:24:0	1	{{EvenTop2}}4-10	-	-
# OddTop3	O26	AGCTCAGGCGTGACCGC	1:1:1	0:24:0	1	{{EvenTop2}}4-10	-	-
# OddTop3	O27	AAATTGCTCCACTCGAA	1:1:1	0:24:0	1	{{EvenTop2}}4-10	-	-
# OddTop3	O28	AAGCCTCACTAGGCGGA	1:1:1	0:24:0	1	{{EvenTop2}}4-10	-	-
# OddTop3	O29	AAGCCTTATCACATCAT	1:1:1	0:24:0	1	{{EvenTop2}}4-10	-	-
# OddTop3	O30	AGCTCCAAGACAAGAAG	1:1:1	0:24:0	1	{{EvenTop2}}4-10	-	-
# OddTop3	O31	AACTCGGACACCTTGAG	1:1:1	0:24:0	1	{{EvenTop2}}4-10	-	-
# OddTop3	O32	AGCGTGATGCAAGAGAC	1:1:1	0:24:0	1	{{EvenTop2}}4-10	-	-
# OddTop3	O33	AAGTCTGCGGCACTCAT	1:1:1	0:24:0	1	{{EvenTop2}}4-10	-	-
# OddTop3	O34	AATGAAGATGCAATAGG	1:1:1	0:24:0	1	{{EvenTop2}}4-10	-	-
# OddTop3	O35	AACAGGCTATCCTCGAT	1:1:1	0:24:0	1	{{EvenTop2}}4-10	-	-
# OddTop3	O36	AACACATCATCTCGGAG	1:1:1	0:24:0	1	{{EvenTop2}}4-10	-	-
# OddTop3	O37	AATAAGGTGGCTTGTCT	1:1:1	0:24:0	1	{{EvenTop2}}4-10	-	-
# OddTop3	O38	AAGTTAGAGGCACGGCG	1:1:1	0:24:0	1	{{EvenTop2}}4-10	-	-
# OddTop3	O39	AACAATGCAAGCAACCA	1:1:1	0:24:0	1	{{EvenTop2}}4-10	-	-
# OddTop3	O40	ACAATAGGACGTTGCTG	1:1:1	0:24:0	1	{{EvenTop2}}4-10	-	-
# OddTop3	O41	AGCGGAGGCTGCAACCA	1:1:1	0:24:0	1	{{EvenTop2}}4-10	-	-
# OddTop3	O42	AACTGACGTAATGAACG	1:1:1	0:24:0	1	{{EvenTop2}}4-10	-	-
# OddTop3	O43	AAGCCACATATTCATAT	1:1:1	0:24:0	1	{{EvenTop2}}4-10	-	-
# OddTop3	O44	AAGTCGCACCGAGTGAC	1:1:1	0:24:0	1	{{EvenTop2}}4-10	-	-
# OddTop3	O45	AACGTCTTCTACTAGGC	1:1:1	0:24:0	1	{{EvenTop2}}4-10	-	-
# OddTop3	O46	AATGTGTAGGTTAGCAC	1:1:1	0:24:0	1	{{EvenTop2}}4-10	-	-
# OddTop3	O47	AATCAGCCTTCCTGAGT	1:1:1	0:24:0	1	{{EvenTop2}}4-10	-	-
# OddTop3	O48	AAGGTCTTATGTCAGCG	1:1:1	0:24:0	1	{{EvenTop2}}4-10	-	-
# OddTop3	O49	AATCCTTAGTTAGAGGC	1:1:1	0:24:0	1	{{EvenTop2}}4-10	-	-
# OddTop3	O50	AACCGCTGCGATTGATA	1:1:1	0:24:0	1	{{EvenTop2}}4-10	-	-
# OddTop3	O51	AGCGTAACTGCATGGCG	1:1:1	0:24:0	1	{{EvenTop2}}4-10	-	-
# OddTop3	O52	AGCTACGTCGTAGGCAC	1:1:1	0:24:0	1	{{EvenTop2}}4-10	-	-
# OddTop3	O53	AATACACGGTGATTGTA	1:1:1	0:24:0	1	{{EvenTop2}}4-10	-	-
# OddTop3	O54	AAGGCTTATGAAGAGCA	1:1:1	0:24:0	1	{{EvenTop2}}4-10	-	-
# OddTop3	O55	ACAAGTGCCTATATTCA	1:1:1	0:24:0	1	{{EvenTop2}}4-10	-	-
# OddTop3	O56	AATCGGCTCACAGATAT	1:1:1	0:24:0	1	{{EvenTop2}}4-10	-	-
# OddTop3	O57	AACGGTGTATTCAATTA	1:1:1	0:24:0	1	{{EvenTop2}}4-10	-	-
# OddTop3	O58	AGCCTATTCGAGATATG	1:1:1	0:24:0	1	{{EvenTop2}}4-10	-	-
# OddTop3	O59	AACATGAGCCGTTGCCA	1:1:1	0:24:0	1	{{EvenTop2}}4-10	-	-
# OddTop3	O60	AAGCATTCATCCTCTCA	1:1:1	0:24:0	1	{{EvenTop2}}4-10	-	-
# OddTop3	O61	AAGCGGTGCTTGACACC	1:1:1	0:24:0	1	{{EvenTop2}}4-10	-	-
# OddTop3	O62	AAGGCATTCGACCTAGT	1:1:1	0:24:0	1	{{EvenTop2}}4-10	-	-
# OddTop3	O63	AACACGGTGACGAACTA	1:1:1	0:24:0	1	{{EvenTop2}}4-10	-	-
# OddTop3	O64	AAGTTCAACGTGTGACG	1:1:1	0:24:0	1	{{EvenTop2}}4-10	-	-
# OddTop3	O65	AATGGCACCAGAGTATG	1:1:1	0:24:0	1	{{EvenTop2}}4-10	-	-
# OddTop3	O66	AGCGTCTCTTGGTGACC	1:1:1	0:24:0	1	{{EvenTop2}}4-10	-	-
# OddTop3	O67	AATACGAGGCGGAAGGC	1:1:1	0:24:0	1	{{EvenTop2}}4-10	-	-
# OddTop3	O68	AATAGACCGTCTGTCTA	1:1:1	0:24:0	1	{{EvenTop2}}4-10	-	-
# OddTop3	O69	AGCTAAGTGGAATGGCA	1:1:1	0:24:0	1	{{EvenTop2}}4-10	-	-
# OddTop3	O70	AACGCATGGAGTTCGTC	1:1:1	0:24:0	1	{{EvenTop2}}4-10	-	-
# OddTop3	O71	AATAGGCAGTCTTGCCG	1:1:1	0:24:0	1	{{EvenTop2}}4-10	-	-
# OddTop3	O72	AAGCCTAATTGAGTCTG	1:1:1	0:24:0	1	{{EvenTop2}}4-10	-	-
# OddTop3	O73	ACAATTATATTGCGGTG	1:1:1	0:24:0	1	{{EvenTop2}}4-10	-	-
# OddTop3	O74	AGCCTCGTTCATTGATT	1:1:1	0:24:0	1	{{EvenTop2}}4-10	-	-
# OddTop3	O75	AAGAGTCCGATGACGCT	1:1:1	0:24:0	1	{{EvenTop2}}4-10	-	-
# OddTop3	O76	AATCTCACTGCGTCCTT	1:1:1	0:24:0	1	{{EvenTop2}}4-10	-	-
# OddTop3	O77	AAACGGAAGTGTTCAAC	1:1:1	0:24:0	1	{{EvenTop2}}4-10	-	-
# OddTop3	O78	AACTTGCTCCTACACAA	1:1:1	0:24:0	1	{{EvenTop2}}4-10	-	-
# OddTop3	O79	ACAATCCGTTAAGCAAT	1:1:1	0:24:0	1	{{EvenTop2}}4-10	-	-
# OddTop3	O80	AACAATGAGTGCGATAC	1:1:1	0:24:0	1	{{EvenTop2}}4-10	-	-
# OddTop3	O81	AGCGACGACACTGGAGG	1:1:1	0:24:0	1	{{EvenTop2}}4-10	-	-
# OddTop3	O82	AACGGCGTCCATCGGAC	1:1:1	0:24:0	1	{{EvenTop2}}4-10	-	-
# OddTop3	O83	AATAGTATCCTGCGTTA	1:1:1	0:24:0	1	{{EvenTop2}}4-10	-	-
# OddTop3	O84	AACTAGCGATGACACGA	1:1:1	0:24:0	1	{{EvenTop2}}4-10	-	-
# OddTop3	O85	AAGGTGACAGACACAGC	1:1:1	0:24:0	1	{{EvenTop2}}4-10	-	-
# OddTop3	O86	ACACACAACCTAGCCAA	1:1:1	0:24:0	1	{{EvenTop2}}4-10	-	-
# OddTop3	O87	AACGCCTAACGAACCGA	1:1:1	0:24:0	1	{{EvenTop2}}4-10	-	-
# OddTop3	O88	AAAGTAGGTGCCGTATA	1:1:1	0:24:0	1	{{EvenTop2}}4-10	-	-
# OddTop3	O89	AATCGCTCGACGTGTGA	1:1:1	0:24:0	1	{{EvenTop2}}4-10	-	-
# OddTop3	O90	AGCGATCCAGATTGAGA	1:1:1	0:24:0	1	{{EvenTop2}}4-10	-	-
# OddTop3	O91	AATCCGTGTGTTGGAAG	1:1:1	0:24:0	1	{{EvenTop2}}4-10	-	-
# OddTop3	O92	AACTCGACAGATGTAGG	1:1:1	0:24:0	1	{{EvenTop2}}4-10	-	-
# OddTop3	O93	AAGCTAACACGCACTCC	1:1:1	0:24:0	1	{{EvenTop2}}4-10	-	-
# OddTop3	O94	AGCGACTGACCTCGTTG	1:1:1	0:24:0	1	{{EvenTop2}}4-10	-	-
# OddTop3	O95	AAGATACCTCCAAGAGC	1:1:1	0:24:0	1	{{EvenTop2}}4-10	-	-
# OddTop3	O96	AACAATCCGAGGCTTCT	1:1:1	0:24:0	1	{{EvenTop2}}4-10	-	-
# NYStgTop	Y1	ACCATAATA	0	0:24:0	1	{{OddTop3}}4-10	-	-
# NYStgTop	Y2	AAGGTAGCTA	0	0:24:0	1	{{OddTop3}}4-10	-	-
# NYStgTop	Y3	ATGAACAAT	0	0:24:0	1	{{OddTop3}}4-10	-	-
# NYStgTop	Y4	ATTCGGTGG	0	0:24:0	1	{{OddTop3}}4-10	-	-
# NYStgTop	Y5	ACAACTGATG	0	0:24:0	1	{{OddTop3}}4-10	-	-
# NYStgTop	Y6	CTCTCAAGG	0	0:24:0	1	{{OddTop3}}4-10	-	-
# NYStgTop	Y7	ACTTCCTGAT	0	0:24:0	1	{{OddTop3}}4-10	-	-
# NYStgTop	Y8	GCTACTTCG	0	0:24:0	1	{{OddTop3}}4-10	-	-
# NYStgTop	Y9	AGTCGGTTAA	0	0:24:0	1	{{OddTop3}}4-10	-	-
# NYStgTop	Y10	ATGTATGAAC	0	0:24:0	1	{{OddTop3}}4-10	-	-
# NYStgTop	Y11	TTCTTCGTC	0	0:24:0	1	{{OddTop3}}4-10	-	-
# NYStgTop	Y12	CACAGAGGCA	0	0:24:0	1	{{OddTop3}}4-10	-	-
# NYStgTop	Y13	ATCCATCTC	0	0:24:0	1	{{OddTop3}}4-10	-	-
# NYStgTop	Y14	CACTATGGT	0	0:24:0	1	{{OddTop3}}4-10	-	-
# NYStgTop	Y15	CCATTCGTAC	0	0:24:0	1	{{OddTop3}}4-10	-	-
# NYStgTop	Y16	CGTCTCCTT	0	0:24:0	1	{{OddTop3}}4-10	-	-
# NYStgTop	Y17	GGTTAATGG	0	0:24:0	1	{{OddTop3}}4-10	-	-
# NYStgTop	Y18	CGTAAGGAGA	0	0:24:0	1	{{OddTop3}}4-10	-	-
# NYStgTop	Y19	TGGTGAGAT	0	0:24:0	1	{{OddTop3}}4-10	-	-
# NYStgTop	Y20	CTTAGTTACG	0	0:24:0	1	{{OddTop3}}4-10	-	-
# NYStgTop	Y21	GAGCCAGTCT	0	0:24:0	1	{{OddTop3}}4-10	-	-
# NYStgTop	Y22	GAGTGGTATT	0	0:24:0	1	{{OddTop3}}4-10	-	-
# NYStgTop	Y23	ATAATGCAG	0	0:24:0	1	{{OddTop3}}4-10	-	-
# NYStgTop	Y24	CAGCTACAA	0	0:24:0	1	{{OddTop3}}4-10	-	-
# NYStgTop	Y25	GATAACGGC	0	0:24:0	1	{{OddTop3}}4-10	-	-
# NYStgTop	Y26	GGTTGTATTC	0	0:24:0	1	{{OddTop3}}4-10	-	-
# NYStgTop	Y27	GTATTCTCCT	0	0:24:0	1	{{OddTop3}}4-10	-	-
# NYStgTop	Y28	GTCTTAGATG	0	0:24:0	1	{{OddTop3}}4-10	-	-
# NYStgTop	Y29	TTGTATTGA	0	0:24:0	1	{{OddTop3}}4-10	-	-
# NYStgTop	Y30	TAACTTATCG	0	0:24:0	1	{{OddTop3}}4-10	-	-
# NYStgTop	Y31	ACTTGTCAA	0	0:24:0	1	{{OddTop3}}4-10	-	-
# NYStgTop	Y32	TAGAACTACA	0	0:24:0	1	{{OddTop3}}4-10	-	-
# NYStgTop	Y33	AGGATAGGC	0	0:24:0	1	{{OddTop3}}4-10	-	-
# NYStgTop	Y34	TATTGCCGCC	0	0:24:0	1	{{OddTop3}}4-10	-	-
# NYStgTop	Y35	TTGGCCGTAA	0	0:24:0	1	{{OddTop3}}4-10	-	-
# NYStgTop	Y36	TGAGGATTCC	0	0:24:0	1	{{OddTop3}}4-10	-	-
# NYStgTop	Y37	TTAACATGAG	0	0:24:0	1	{{OddTop3}}4-10	-	-
# NYStgTop	Y38	TAATCAATC	0	0:24:0	1	{{OddTop3}}4-10	-	-
# NYStgTop	Y39	TCAGTATAT	0	0:24:0	1	{{OddTop3}}4-10	-	-
# NYStgTop	Y40	GAAGGAGCG	0	0:24:0	1	{{OddTop3}}4-10	-	-
# NYStgTop	Y41	ATCGCGTACT	0	0:24:0	1	{{OddTop3}}4-10	-	-
# NYStgTop	Y42	CAGATCCGTG	0	0:24:0	1	{{OddTop3}}4-10	-	-
# NYStgTop	Y43	GATACCAGGA	0	0:24:0	1	{{OddTop3}}4-10	-	-
# NYStgTop	Y44	CGAAGACCT	0	0:24:0	1	{{OddTop3}}4-10	-	-
# NYStgTop	Y45	GGCCTTGGAA	0	0:24:0	1	{{OddTop3}}4-10	-	-
# NYStgTop	Y46	GGATGCTAC	0	0:24:0	1	{{OddTop3}}4-10	-	-
# NYStgTop	Y47	GGCCGTAGG	0	0:24:0	1	{{OddTop3}}4-10	-	-
# NYStgTop	Y48	TCAAGCGTA	0	0:24:0	1	{{OddTop3}}4-10	-	-
# NYStgTop	Y49	ATGGTCGCCAAG	0	0:24:0	1	{{OddTop3}}4-10	-	-
# NYStgTop	Y50	TGCCGGTTTAAG	0	0:24:0	1	{{OddTop3}}4-10	-	-
# NYStgTop	Y51	GCAACAACAGAG	0	0:24:0	1	{{OddTop3}}4-10	-	-
# NYStgTop	Y52	CAAACAACAGAG	0	0:24:0	1	{{OddTop3}}4-10	-	-
# NYStgTop	Y53	ATATGTGAAACG	0	0:24:0	1	{{OddTop3}}4-10	-	-
# NYStgTop	Y54	TGCTTAGAAGCG	0	0:24:0	1	{{OddTop3}}4-10	-	-
# NYStgTop	Y55	GCTAGCAGTCGG	0	0:24:0	1	{{OddTop3}}4-10	-	-
# NYStgTop	Y56	CATGACTGGATG	0	0:24:0	1	{{OddTop3}}4-10	-	-
# NYStgTop	Y57	ACTTCGGAGCTG	0	0:24:0	1	{{OddTop3}}4-10	-	-
# NYStgTop	Y58	TTAACGTTGTTG	0	0:24:0	1	{{OddTop3}}4-10	-	-
# NYStgTop	Y59	GCTAGTCTAATG	0	0:24:0	1	{{OddTop3}}4-10	-	-
# NYStgTop	Y60	CGCAAGTGCTGG	0	0:24:0	1	{{OddTop3}}4-10	-	-
# NYStgTop	Y61	AACGTACATCAC	0	0:24:0	1	{{OddTop3}}4-10	-	-
# NYStgTop	Y62	TGGGACGACTAC	0	0:24:0	1	{{OddTop3}}4-10	-	-
# NYStgTop	Y63	GCGAGTTGGACC	0	0:24:0	1	{{OddTop3}}4-10	-	-
# NYStgTop	Y64	CTGTATGGCGCC	0	0:24:0	1	{{OddTop3}}4-10	-	-
# NYStgTop	Y65	AGGGTGCTCTCC	0	0:24:0	1	{{OddTop3}}4-10	-	-
# NYStgTop	Y66	TCATTGCAGAGC	0	0:24:0	1	{{OddTop3}}4-10	-	-
# NYStgTop	Y67	GGAAACGTTCGC	0	0:24:0	1	{{OddTop3}}4-10	-	-
# NYStgTop	Y68	CCGACTCGATGC	0	0:24:0	1	{{OddTop3}}4-10	-	-
# NYStgTop	Y69	ATCTACGTCATC	0	0:24:0	1	{{OddTop3}}4-10	-	-
# NYStgTop	Y70	TATGTTCTGCTC	0	0:24:0	1	{{OddTop3}}4-10	-	-
# NYStgTop	Y71	GCACGGGGTGTC	0	0:24:0	1	{{OddTop3}}4-10	-	-
# NYStgTop	Y72	CGGTCGAACAAC	0	0:24:0	1	{{OddTop3}}4-10	-	-
# NYStgTop	Y73	ACACATATAAA	0	0:24:0	1	{{OddTop3}}4-10	-	-
# NYStgTop	Y74	TGTGATGTCAA	0	0:24:0	1	{{OddTop3}}4-10	-	-
# NYStgTop	Y75	GTGGGGGATAA	0	0:24:0	1	{{OddTop3}}4-10	-	-
# NYStgTop	Y76	CACTGGTCACA	0	0:24:0	1	{{OddTop3}}4-10	-	-
# NYStgTop	Y77	AGGAGCATCCA	0	0:24:0	1	{{OddTop3}}4-10	-	-
# NYStgTop	Y78	TTAATTACTCA	0	0:24:0	1	{{OddTop3}}4-10	-	-
# NYStgTop	Y79	CCAATATGAGA	0	0:24:0	1	{{OddTop3}}4-10	-	-
# NYStgTop	Y80	CATATGTTCGA	0	0:24:0	1	{{OddTop3}}4-10	-	-
# NYStgTop	Y81	ATGTAGTATGA	0	0:24:0	1	{{OddTop3}}4-10	-	-
# NYStgTop	Y82	TGACGTCGATA	0	0:24:0	1	{{OddTop3}}4-10	-	-
# NYStgTop	Y83	GCCCTGGTCTA	0	0:24:0	1	{{OddTop3}}4-10	-	-
# NYStgTop	Y84	CATCCACATTA	0	0:24:0	1	{{OddTop3}}4-10	-	-
# NYStgTop	Y85	AACATACTAAT	0	0:24:0	1	{{OddTop3}}4-10	-	-
# NYStgTop	Y86	TTGGATAGGAT	0	0:24:0	1	{{OddTop3}}4-10	-	-
# NYStgTop	Y87	GGGCGTGTAAT	0	0:24:0	1	{{OddTop3}}4-10	-	-
# NYStgTop	Y88	CTATTTCAACT	0	0:24:0	1	{{OddTop3}}4-10	-	-
# NYStgTop	Y89	ACAAAGGGCCT	0	0:24:0	1	{{OddTop3}}4-10	-	-
# NYStgTop	Y90	TACGCTCATCT	0	0:24:0	1	{{OddTop3}}4-10	-	-
# NYStgTop	Y91	GGAAGAAGAGT	0	0:24:0	1	{{OddTop3}}4-10	-	-
# NYStgTop	Y92	CCAATAATGGT	0	0:24:0	1	{{OddTop3}}4-10	-	-
# NYStgTop	Y93	ACTGAGTCTGT	0	0:24:0	1	{{OddTop3}}4-10	-	-
# NYStgTop	Y94	TACAGACAATT	0	0:24:0	1	{{OddTop3}}4-10	-	-
# NYStgTop	Y95	GGTGAGGCCTT	0	0:24:0	1	{{OddTop3}}4-10	-	-
# NYStgTop	Y96	CTCTGTTCGTT	0	0:24:0	1	{{OddTop3}}4-10	-	-
NYStgBot	Y1	TATTATGGT	0	1:0:12	1	-	-	1
NYStgBot	Y2	TAGCTACCTT	0	1:0:12	1	-	-	1
NYStgBot	Y3	ATTGTTCAT	0	1:0:12	1	-	-	1
NYStgBot	Y4	CCACCGAAT	0	1:0:12	1	-	-	1
NYStgBot	Y5	CATCAGTTGT	0	1:0:12	1	-	-	1
NYStgBot	Y6	CCTTGAGAG	0	1:0:12	1	-	-	1
NYStgBot	Y7	ATCAGGAAGT	0	1:0:12	1	-	-	1
NYStgBot	Y8	CGAAGTAGC	0	1:0:12	1	-	-	1
NYStgBot	Y9	TTAACCGACT	0	1:0:12	1	-	-	1
NYStgBot	Y10	GTTCATACAT	0	1:0:12	1	-	-	1
NYStgBot	Y11	GACGAAGAA	0	1:0:12	1	-	-	1
NYStgBot	Y12	TGCCTCTGTG	0	1:0:12	1	-	-	1
NYStgBot	Y13	GAGATGGAT	0	1:0:12	1	-	-	1
NYStgBot	Y14	ACCATAGTG	0	1:0:12	1	-	-	1
NYStgBot	Y15	GTACGAATGG	0	1:0:12	1	-	-	1
NYStgBot	Y16	AAGGAGACG	0	1:0:12	1	-	-	1
NYStgBot	Y17	CCATTAACC	0	1:0:12	1	-	-	1
NYStgBot	Y18	TCTCCTTACG	0	1:0:12	1	-	-	1
NYStgBot	Y19	ATCTCACCA	0	1:0:12	1	-	-	1
NYStgBot	Y20	CGTAACTAAG	0	1:0:12	1	-	-	1
NYStgBot	Y21	AGACTGGCTC	0	1:0:12	1	-	-	1
NYStgBot	Y22	AATACCACTC	0	1:0:12	1	-	-	1
NYStgBot	Y23	CTGCATTAT	0	1:0:12	1	-	-	1
NYStgBot	Y24	TTGTAGCTG	0	1:0:12	1	-	-	1
NYStgBot	Y25	GCCGTTATC	0	1:0:12	1	-	-	1
NYStgBot	Y26	GAATACAACC	0	1:0:12	1	-	-	1
NYStgBot	Y27	AGGAGAATAC	0	1:0:12	1	-	-	1
NYStgBot	Y28	CATCTAAGAC	0	1:0:12	1	-	-	1
NYStgBot	Y29	TCAATACAA	0	1:0:12	1	-	-	1
NYStgBot	Y30	CGATAAGTTA	0	1:0:12	1	-	-	1
NYStgBot	Y31	TTGACAAGT	0	1:0:12	1	-	-	1
NYStgBot	Y32	TGTAGTTCTA	0	1:0:12	1	-	-	1
NYStgBot	Y33	GCCTATCCT	0	1:0:12	1	-	-	1
NYStgBot	Y34	GGCGGCAATA	0	1:0:12	1	-	-	1
NYStgBot	Y35	TTACGGCCAA	0	1:0:12	1	-	-	1
NYStgBot	Y36	GGAATCCTCA	0	1:0:12	1	-	-	1
NYStgBot	Y37	CTCATGTTAA	0	1:0:12	1	-	-	1
NYStgBot	Y38	GATTGATTA	0	1:0:12	1	-	-	1
NYStgBot	Y39	ATATACTGA	0	1:0:12	1	-	-	1
NYStgBot	Y40	CGCTCCTTC	0	1:0:12	1	-	-	1
NYStgBot	Y41	AGTACGCGAT	0	1:0:12	1	-	-	1
NYStgBot	Y42	CACGGATCTG	0	1:0:12	1	-	-	1
NYStgBot	Y43	TCCTGGTATC	0	1:0:12	1	-	-	1
NYStgBot	Y44	AGGTCTTCG	0	1:0:12	1	-	-	1
NYStgBot	Y45	TTCCAAGGCC	0	1:0:12	1	-	-	1
NYStgBot	Y46	GTAGCATCC	0	1:0:12	1	-	-	1
NYStgBot	Y47	CCTACGGCC	0	1:0:12	1	-	-	1
NYStgBot	Y48	TACGCTTGA	0	1:0:12	1	-	-	1
NYStgBot	Y49	CTTGGCGACCAT	0	1:0:12	1	-	-	1
NYStgBot	Y50	CTTAAACCGGCA	0	1:0:12	1	-	-	1
NYStgBot	Y51	CTCTGTTGTTGC	0	1:0:12	1	-	-	1
NYStgBot	Y52	CTCTGTTGTTTG	0	1:0:12	1	-	-	1
NYStgBot	Y53	CGTTTCACATAT	0	1:0:12	1	-	-	1
NYStgBot	Y54	CGCTTCTAAGCA	0	1:0:12	1	-	-	1
NYStgBot	Y55	CCGACTGCTAGC	0	1:0:12	1	-	-	1
NYStgBot	Y56	CATCCAGTCATG	0	1:0:12	1	-	-	1
NYStgBot	Y57	CAGCTCCGAAGT	0	1:0:12	1	-	-	1
NYStgBot	Y58	CAACAACGTTAA	0	1:0:12	1	-	-	1
NYStgBot	Y59	CATTAGACTAGC	0	1:0:12	1	-	-	1
NYStgBot	Y60	CCAGCACTTGCG	0	1:0:12	1	-	-	1
NYStgBot	Y61	GTGATGTACGTT	0	1:0:12	1	-	-	1
NYStgBot	Y62	GTAGTCGTCCCA	0	1:0:12	1	-	-	1
NYStgBot	Y63	GGTCCAACTCGC	0	1:0:12	1	-	-	1
NYStgBot	Y64	GGCGCCATACAG	0	1:0:12	1	-	-	1
NYStgBot	Y65	GGAGAGCACCCT	0	1:0:12	1	-	-	1
NYStgBot	Y66	GCTCTGCAATGA	0	1:0:12	1	-	-	1
NYStgBot	Y67	GCGAACGTTTCC	0	1:0:12	1	-	-	1
NYStgBot	Y68	GCATCGAGTCGG	0	1:0:12	1	-	-	1
NYStgBot	Y69	GATGACGTAGAT	0	1:0:12	1	-	-	1
NYStgBot	Y70	GAGCAGAACATA	0	1:0:12	1	-	-	1
NYStgBot	Y71	GACACCCCGTGC	0	1:0:12	1	-	-	1
NYStgBot	Y72	GTTGTTCGACCG	0	1:0:12	1	-	-	1
NYStgBot	Y73	TTTATATGTGT	0	1:0:12	1	-	-	1
NYStgBot	Y74	TTGACATCACA	0	1:0:12	1	-	-	1
NYStgBot	Y75	TTATCCCCCAC	0	1:0:12	1	-	-	1
NYStgBot	Y76	TGTGACCAGTG	0	1:0:12	1	-	-	1
NYStgBot	Y77	TGGATGCTCCT	0	1:0:12	1	-	-	1
NYStgBot	Y78	TGAGTAATTAA	0	1:0:12	1	-	-	1
NYStgBot	Y79	TCTCATATTGG	0	1:0:12	1	-	-	1
NYStgBot	Y80	TCGAACATATG	0	1:0:12	1	-	-	1
NYStgBot	Y81	TCATACTACAT	0	1:0:12	1	-	-	1
NYStgBot	Y82	TATCGACGTCA	0	1:0:12	1	-	-	1
NYStgBot	Y83	TAGACCAGGGC	0	1:0:12	1	-	-	1
NYStgBot	Y84	TAATGTGGATG	0	1:0:12	1	-	-	1
NYStgBot	Y85	ATTAGTATGTT	0	1:0:12	1	-	-	1
NYStgBot	Y86	ATCCTATCCAA	0	1:0:12	1	-	-	1
NYStgBot	Y87	ATTACACGCCC	0	1:0:12	1	-	-	1
NYStgBot	Y88	AGTTGAAATAG	0	1:0:12	1	-	-	1
NYStgBot	Y89	AGGCCCTTTGT	0	1:0:12	1	-	-	1
NYStgBot	Y90	AGATGAGCGTA	0	1:0:12	1	-	-	1
NYStgBot	Y91	ACTCTTCTTCC	0	1:0:12	1	-	-	1
NYStgBot	Y92	ACCATTATTGG	0	1:0:12	1	-	-	1
NYStgBot	Y93	ACAGACTCAGT	0	1:0:12	1	-	-	1
NYStgBot	Y94	AATTGTCTGTA	0	1:0:12	1	-	-	1
NYStgBot	Y95	AAGGCCTCACC	0	1:0:12	1	-	-	1
NYStgBot	Y96	AACGAACAGAG	0	1:0:12	1	-	-	1
OddBot3	O1	CTTCGTGGAATCTAGCT	1:1:1	1:9:0	1	{{NYStgBot}}4-10	-	-
OddBot3	O2	TCCTGTGCGTTAGAGTT	1:1:1	1:9:0	1	{{NYStgBot}}4-10	-	-
OddBot3	O3	CACTAGAGGTGTCCGTT	1:1:1	1:9:0	1	{{NYStgBot}}4-10	-	-
OddBot3	O4	ATACTCGGTTAGTCCTT	1:1:1	1:9:0	1	{{NYStgBot}}4-10	-	-
OddBot3	O5	ATCGTTCTCATTCTGTT	1:1:1	1:9:0	1	{{NYStgBot}}4-10	-	-
OddBot3	O6	AACGCCGATAAGGACTT	1:1:1	1:9:0	1	{{NYStgBot}}4-10	-	-
OddBot3	O7	GCTGGAAGCCTCTAGCT	1:1:1	1:9:0	1	{{NYStgBot}}4-10	-	-
OddBot3	O8	TCGTGAGGATCAACGCT	1:1:1	1:9:0	1	{{NYStgBot}}4-10	-	-
OddBot3	O9	TGATACCGTAGCAGATT	1:1:1	1:9:0	1	{{NYStgBot}}4-10	-	-
OddBot3	O10	TTCTAACACACAGCCTT	1:1:1	1:9:0	1	{{NYStgBot}}4-10	-	-
OddBot3	O11	TAGTGGCACTTCACCTT	1:1:1	1:9:0	1	{{NYStgBot}}4-10	-	-
OddBot3	O12	CGAAGTGGTTCGGTCTT	1:1:1	1:9:0	1	{{NYStgBot}}4-10	-	-
OddBot3	O13	GCCTACAGAAGTATCTT	1:1:1	1:9:0	1	{{NYStgBot}}4-10	-	-
OddBot3	O14	GTCGGCAACAGACCATT	1:1:1	1:9:0	1	{{NYStgBot}}4-10	-	-
OddBot3	O15	CGTGCTATAATCTTGTT	1:1:1	1:9:0	1	{{NYStgBot}}4-10	-	-
OddBot3	O16	AGTAGAACGCTAGGTTT	1:1:1	1:9:0	1	{{NYStgBot}}4-10	-	-
OddBot3	O17	CATCATACCACGCCGCT	1:1:1	1:9:0	1	{{NYStgBot}}4-10	-	-
OddBot3	O18	ATCCTGGACAGTGAGCT	1:1:1	1:9:0	1	{{NYStgBot}}4-10	-	-
OddBot3	O19	CGTTCTCCTTAGAGATT	1:1:1	1:9:0	1	{{NYStgBot}}4-10	-	-
OddBot3	O20	ACGTTCCATGCTATCTT	1:1:1	1:9:0	1	{{NYStgBot}}4-10	-	-
OddBot3	O21	GGATAGCACCGTTCATT	1:1:1	1:9:0	1	{{NYStgBot}}4-10	-	-
OddBot3	O22	GACCAAGCACCAGACTT	1:1:1	1:9:0	1	{{NYStgBot}}4-10	-	-
OddBot3	O23	ACCTTCCTATGCTACTT	1:1:1	1:9:0	1	{{NYStgBot}}4-10	-	-
OddBot3	O24	CTAACGCTGTGAAGGCT	1:1:1	1:9:0	1	{{NYStgBot}}4-10	-	-
OddBot3	O25	GGTATTACTCATAGGCT	1:1:1	1:9:0	1	{{NYStgBot}}4-10	-	-
OddBot3	O26	GCGGTCACGCCTGAGCT	1:1:1	1:9:0	1	{{NYStgBot}}4-10	-	-
OddBot3	O27	TTCGAGTGGAGCAATTT	1:1:1	1:9:0	1	{{NYStgBot}}4-10	-	-
OddBot3	O28	TCCGCCTAGTGAGGCTT	1:1:1	1:9:0	1	{{NYStgBot}}4-10	-	-
OddBot3	O29	ATGATGTGATAAGGCTT	1:1:1	1:9:0	1	{{NYStgBot}}4-10	-	-
OddBot3	O30	CTTCTTGTCTTGGAGCT	1:1:1	1:9:0	1	{{NYStgBot}}4-10	-	-
OddBot3	O31	CTCAAGGTGTCCGAGTT	1:1:1	1:9:0	1	{{NYStgBot}}4-10	-	-
OddBot3	O32	GTCTCTTGCATCACGCT	1:1:1	1:9:0	1	{{NYStgBot}}4-10	-	-
OddBot3	O33	ATGAGTGCCGCAGACTT	1:1:1	1:9:0	1	{{NYStgBot}}4-10	-	-
OddBot3	O34	CCTATTGCATCTTCATT	1:1:1	1:9:0	1	{{NYStgBot}}4-10	-	-
OddBot3	O35	ATCGAGGATAGCCTGTT	1:1:1	1:9:0	1	{{NYStgBot}}4-10	-	-
OddBot3	O36	CTCCGAGATGATGTGTT	1:1:1	1:9:0	1	{{NYStgBot}}4-10	-	-
OddBot3	O37	AGACAAGCCACCTTATT	1:1:1	1:9:0	1	{{NYStgBot}}4-10	-	-
OddBot3	O38	CGCCGTGCCTCTAACTT	1:1:1	1:9:0	1	{{NYStgBot}}4-10	-	-
OddBot3	O39	TGGTTGCTTGCATTGTT	1:1:1	1:9:0	1	{{NYStgBot}}4-10	-	-
OddBot3	O40	CAGCAACGTCCTATTGT	1:1:1	1:9:0	1	{{NYStgBot}}4-10	-	-
OddBot3	O41	TGGTTGCAGCCTCCGCT	1:1:1	1:9:0	1	{{NYStgBot}}4-10	-	-
OddBot3	O42	CGTTCATTACGTCAGTT	1:1:1	1:9:0	1	{{NYStgBot}}4-10	-	-
OddBot3	O43	ATATGAATATGTGGCTT	1:1:1	1:9:0	1	{{NYStgBot}}4-10	-	-
OddBot3	O44	GTCACTCGGTGCGACTT	1:1:1	1:9:0	1	{{NYStgBot}}4-10	-	-
OddBot3	O45	GCCTAGTAGAAGACGTT	1:1:1	1:9:0	1	{{NYStgBot}}4-10	-	-
OddBot3	O46	GTGCTAACCTACACATT	1:1:1	1:9:0	1	{{NYStgBot}}4-10	-	-
OddBot3	O47	ACTCAGGAAGGCTGATT	1:1:1	1:9:0	1	{{NYStgBot}}4-10	-	-
OddBot3	O48	CGCTGACATAAGACCTT	1:1:1	1:9:0	1	{{NYStgBot}}4-10	-	-
OddBot3	O49	GCCTCTAACTAAGGATT	1:1:1	1:9:0	1	{{NYStgBot}}4-10	-	-
OddBot3	O50	TATCAATCGCAGCGGTT	1:1:1	1:9:0	1	{{NYStgBot}}4-10	-	-
OddBot3	O51	CGCCATGCAGTTACGCT	1:1:1	1:9:0	1	{{NYStgBot}}4-10	-	-
OddBot3	O52	GTGCCTACGACGTAGCT	1:1:1	1:9:0	1	{{NYStgBot}}4-10	-	-
OddBot3	O53	TACAATCACCGTGTATT	1:1:1	1:9:0	1	{{NYStgBot}}4-10	-	-
OddBot3	O54	TGCTCTTCATAAGCCTT	1:1:1	1:9:0	1	{{NYStgBot}}4-10	-	-
OddBot3	O55	TGAATATAGGCACTTGT	1:1:1	1:9:0	1	{{NYStgBot}}4-10	-	-
OddBot3	O56	ATATCTGTGAGCCGATT	1:1:1	1:9:0	1	{{NYStgBot}}4-10	-	-
OddBot3	O57	TAATTGAATACACCGTT	1:1:1	1:9:0	1	{{NYStgBot}}4-10	-	-
OddBot3	O58	CATATCTCGAATAGGCT	1:1:1	1:9:0	1	{{NYStgBot}}4-10	-	-
OddBot3	O59	TGGCAACGGCTCATGTT	1:1:1	1:9:0	1	{{NYStgBot}}4-10	-	-
OddBot3	O60	TGAGAGGATGAATGCTT	1:1:1	1:9:0	1	{{NYStgBot}}4-10	-	-
OddBot3	O61	GGTGTCAAGCACCGCTT	1:1:1	1:9:0	1	{{NYStgBot}}4-10	-	-
OddBot3	O62	ACTAGGTCGAATGCCTT	1:1:1	1:9:0	1	{{NYStgBot}}4-10	-	-
OddBot3	O63	TAGTTCGTCACCGTGTT	1:1:1	1:9:0	1	{{NYStgBot}}4-10	-	-
OddBot3	O64	CGTCACACGTTGAACTT	1:1:1	1:9:0	1	{{NYStgBot}}4-10	-	-
OddBot3	O65	CATACTCTGGTGCCATT	1:1:1	1:9:0	1	{{NYStgBot}}4-10	-	-
OddBot3	O66	GGTCACCAAGAGACGCT	1:1:1	1:9:0	1	{{NYStgBot}}4-10	-	-
OddBot3	O67	GCCTTCCGCCTCGTATT	1:1:1	1:9:0	1	{{NYStgBot}}4-10	-	-
OddBot3	O68	TAGACAGACGGTCTATT	1:1:1	1:9:0	1	{{NYStgBot}}4-10	-	-
OddBot3	O69	TGCCATTCCACTTAGCT	1:1:1	1:9:0	1	{{NYStgBot}}4-10	-	-
OddBot3	O70	GACGAACTCCATGCGTT	1:1:1	1:9:0	1	{{NYStgBot}}4-10	-	-
OddBot3	O71	CGGCAAGACTGCCTATT	1:1:1	1:9:0	1	{{NYStgBot}}4-10	-	-
OddBot3	O72	CAGACTCAATTAGGCTT	1:1:1	1:9:0	1	{{NYStgBot}}4-10	-	-
OddBot3	O73	CACCGCAATATAATTGT	1:1:1	1:9:0	1	{{NYStgBot}}4-10	-	-
OddBot3	O74	AATCAATGAACGAGGCT	1:1:1	1:9:0	1	{{NYStgBot}}4-10	-	-
OddBot3	O75	AGCGTCATCGGACTCTT	1:1:1	1:9:0	1	{{NYStgBot}}4-10	-	-
OddBot3	O76	AAGGACGCAGTGAGATT	1:1:1	1:9:0	1	{{NYStgBot}}4-10	-	-
OddBot3	O77	GTTGAACACTTCCGTTT	1:1:1	1:9:0	1	{{NYStgBot}}4-10	-	-
OddBot3	O78	TTGTGTAGGAGCAAGTT	1:1:1	1:9:0	1	{{NYStgBot}}4-10	-	-
OddBot3	O79	ATTGCTTAACGGATTGT	1:1:1	1:9:0	1	{{NYStgBot}}4-10	-	-
OddBot3	O80	GTATCGCACTCATTGTT	1:1:1	1:9:0	1	{{NYStgBot}}4-10	-	-
OddBot3	O81	CCTCCAGTGTCGTCGCT	1:1:1	1:9:0	1	{{NYStgBot}}4-10	-	-
OddBot3	O82	GTCCGATGGACGCCGTT	1:1:1	1:9:0	1	{{NYStgBot}}4-10	-	-
OddBot3	O83	TAACGCAGGATACTATT	1:1:1	1:9:0	1	{{NYStgBot}}4-10	-	-
OddBot3	O84	TCGTGTCATCGCTAGTT	1:1:1	1:9:0	1	{{NYStgBot}}4-10	-	-
OddBot3	O85	GCTGTGTCTGTCACCTT	1:1:1	1:9:0	1	{{NYStgBot}}4-10	-	-
OddBot3	O86	TTGGCTAGGTTGTGTGT	1:1:1	1:9:0	1	{{NYStgBot}}4-10	-	-
OddBot3	O87	TCGGTTCGTTAGGCGTT	1:1:1	1:9:0	1	{{NYStgBot}}4-10	-	-
OddBot3	O88	TATACGGCACCTACTTT	1:1:1	1:9:0	1	{{NYStgBot}}4-10	-	-
OddBot3	O89	TCACACGTCGAGCGATT	1:1:1	1:9:0	1	{{NYStgBot}}4-10	-	-
OddBot3	O90	TCTCAATCTGGATCGCT	1:1:1	1:9:0	1	{{NYStgBot}}4-10	-	-
OddBot3	O91	CTTCCAACACACGGATT	1:1:1	1:9:0	1	{{NYStgBot}}4-10	-	-
OddBot3	O92	CCTACATCTGTCGAGTT	1:1:1	1:9:0	1	{{NYStgBot}}4-10	-	-
OddBot3	O93	GGAGTGCGTGTTAGCTT	1:1:1	1:9:0	1	{{NYStgBot}}4-10	-	-
OddBot3	O94	CAACGAGGTCAGTCGCT	1:1:1	1:9:0	1	{{NYStgBot}}4-10	-	-
OddBot3	O95	GCTCTTGGAGGTATCTT	1:1:1	1:9:0	1	{{NYStgBot}}4-10	-	-
OddBot3	O96	AGAAGCCTCGGATTGTT	1:1:1	1:9:0	1	{{NYStgBot}}4-10	-	-
EvenBot2	E1	GATACTGCGGCTGACGT	1:1:1	1:9:0	1	{{OddBot3}}4-10	-	-
EvenBot2	E2	TGTAGGTTCTGGAATCT	1:1:1	1:9:0	1	{{OddBot3}}4-10	-	-
EvenBot2	E3	GTGCCGTGACTCCATCT	1:1:1	1:9:0	1	{{OddBot3}}4-10	-	-
EvenBot2	E4	CGTAGTCCAGGTCGTCT	1:1:1	1:9:0	1	{{OddBot3}}4-10	-	-
EvenBot2	E5	AGAAGATCGCAATTAGT	1:1:1	1:9:0	1	{{OddBot3}}4-10	-	-
EvenBot2	E6	TTCAAGCCTTGCGGAGT	1:1:1	1:9:0	1	{{OddBot3}}4-10	-	-
EvenBot2	E7	ATGGACCTCTAATTGCT	1:1:1	1:9:0	1	{{OddBot3}}4-10	-	-
EvenBot2	E8	TGTTGCGTAGTGATGCT	1:1:1	1:9:0	1	{{OddBot3}}4-10	-	-
EvenBot2	E9	CGCATGGATACCAGCGT	1:1:1	1:9:0	1	{{OddBot3}}4-10	-	-
EvenBot2	E10	CGATGACCTGTCCATGT	1:1:1	1:9:0	1	{{OddBot3}}4-10	-	-
EvenBot2	E11	GCACACCATCGTATTCT	1:1:1	1:9:0	1	{{OddBot3}}4-10	-	-
EvenBot2	E12	GCTACTTCCGAATCAGT	1:1:1	1:9:0	1	{{OddBot3}}4-10	-	-
EvenBot2	E13	CGTGACATTAAGGTTGT	1:1:1	1:9:0	1	{{OddBot3}}4-10	-	-
EvenBot2	E14	TCAAGCTAGACGGTTCT	1:1:1	1:9:0	1	{{OddBot3}}4-10	-	-
EvenBot2	E15	TAGAAGTGCTCCAGGTT	1:1:1	1:9:0	1	{{OddBot3}}4-10	-	-
EvenBot2	E16	TGCATAGGACAGGCAGT	1:1:1	1:9:0	1	{{OddBot3}}4-10	-	-
EvenBot2	E17	ACGCTCCTAGATGTTCT	1:1:1	1:9:0	1	{{OddBot3}}4-10	-	-
EvenBot2	E18	GTTATTGCCACCAGTGT	1:1:1	1:9:0	1	{{OddBot3}}4-10	-	-
EvenBot2	E19	GGCGGATTCTCAGTGGT	1:1:1	1:9:0	1	{{OddBot3}}4-10	-	-
EvenBot2	E20	GGCACGAGATCCTTGCT	1:1:1	1:9:0	1	{{OddBot3}}4-10	-	-
EvenBot2	E21	TTCGTGTGAGTCTCGTT	1:1:1	1:9:0	1	{{OddBot3}}4-10	-	-
EvenBot2	E22	TGGCTCTGAACCTATCT	1:1:1	1:9:0	1	{{OddBot3}}4-10	-	-
EvenBot2	E23	AATGCTTCACACGGTGT	1:1:1	1:9:0	1	{{OddBot3}}4-10	-	-
EvenBot2	E24	CGCACACGATCATCTGT	1:1:1	1:9:0	1	{{OddBot3}}4-10	-	-
EvenBot2	E25	ACCTCACGTCTAGGCGT	1:1:1	1:9:0	1	{{OddBot3}}4-10	-	-
EvenBot2	E26	AAGTCCTGCCACTACGT	1:1:1	1:9:0	1	{{OddBot3}}4-10	-	-
EvenBot2	E27	GGCTGAGCTGGTCTAGT	1:1:1	1:9:0	1	{{OddBot3}}4-10	-	-
EvenBot2	E28	AACTCAAGCACCTCTCT	1:1:1	1:9:0	1	{{OddBot3}}4-10	-	-
EvenBot2	E29	CGACTACTGCTCACCGT	1:1:1	1:9:0	1	{{OddBot3}}4-10	-	-
EvenBot2	E30	GCCAGTTAGCAAGACGT	1:1:1	1:9:0	1	{{OddBot3}}4-10	-	-
EvenBot2	E31	TGTTGCTGTGTGGATCT	1:1:1	1:9:0	1	{{OddBot3}}4-10	-	-
EvenBot2	E32	GTCAATGGACGGATGCT	1:1:1	1:9:0	1	{{OddBot3}}4-10	-	-
EvenBot2	E33	CATTCTCTGCCGAGAGT	1:1:1	1:9:0	1	{{OddBot3}}4-10	-	-
EvenBot2	E34	GCACAGTCCTCCATGCT	1:1:1	1:9:0	1	{{OddBot3}}4-10	-	-
EvenBot2	E35	ATGTCCGCCTGCATGGT	1:1:1	1:9:0	1	{{OddBot3}}4-10	-	-
EvenBot2	E36	ACTGGTGTCACGTCTCT	1:1:1	1:9:0	1	{{OddBot3}}4-10	-	-
EvenBot2	E37	TGATTACGTTCCACGGT	1:1:1	1:9:0	1	{{OddBot3}}4-10	-	-
EvenBot2	E38	ACCAACAAGATAGTGCT	1:1:1	1:9:0	1	{{OddBot3}}4-10	-	-
EvenBot2	E39	CGATTAGTGCGAGAGGT	1:1:1	1:9:0	1	{{OddBot3}}4-10	-	-
EvenBot2	E40	GGTATCGTATAGGTCGT	1:1:1	1:9:0	1	{{OddBot3}}4-10	-	-
EvenBot2	E41	ATAGATTGTTGCGTGCT	1:1:1	1:9:0	1	{{OddBot3}}4-10	-	-
EvenBot2	E42	TTGCTCGTTGGTCCAGT	1:1:1	1:9:0	1	{{OddBot3}}4-10	-	-
EvenBot2	E43	AACCGCAGAGAGGTAGT	1:1:1	1:9:0	1	{{OddBot3}}4-10	-	-
EvenBot2	E44	GTCCGTTGCTATAATCT	1:1:1	1:9:0	1	{{OddBot3}}4-10	-	-
EvenBot2	E45	GGTTGTTCGTGTGTCGT	1:1:1	1:9:0	1	{{OddBot3}}4-10	-	-
EvenBot2	E46	GTTGATAAGCCGACGGT	1:1:1	1:9:0	1	{{OddBot3}}4-10	-	-
EvenBot2	E47	TGGAACACTCTACTGCT	1:1:1	1:9:0	1	{{OddBot3}}4-10	-	-
EvenBot2	E48	GACTGTTCGACACGTCT	1:1:1	1:9:0	1	{{OddBot3}}4-10	-	-
EvenBot2	E49	ACTAGGTGGCGGTCTGT	1:1:1	1:9:0	1	{{OddBot3}}4-10	-	-
EvenBot2	E50	GAATCACGAGTTCGTCT	1:1:1	1:9:0	1	{{OddBot3}}4-10	-	-
EvenBot2	E51	TCCTTCGTTAAGGCTGT	1:1:1	1:9:0	1	{{OddBot3}}4-10	-	-
EvenBot2	E52	CGACGACTGACTAGGTT	1:1:1	1:9:0	1	{{OddBot3}}4-10	-	-
EvenBot2	E53	CTCTACACCGCTGAAGT	1:1:1	1:9:0	1	{{OddBot3}}4-10	-	-
EvenBot2	E54	ACCTGCTTCCGTGATGT	1:1:1	1:9:0	1	{{OddBot3}}4-10	-	-
EvenBot2	E55	GCATCGACTCACCTTCT	1:1:1	1:9:0	1	{{OddBot3}}4-10	-	-
EvenBot2	E56	CTGATTCCTGAGTCCGT	1:1:1	1:9:0	1	{{OddBot3}}4-10	-	-
EvenBot2	E57	AGTCCAGGCATTCGTCT	1:1:1	1:9:0	1	{{OddBot3}}4-10	-	-
EvenBot2	E58	GAGCGTGCAGTGGAAGT	1:1:1	1:9:0	1	{{OddBot3}}4-10	-	-
EvenBot2	E59	CTATCCTGTCAACGGCT	1:1:1	1:9:0	1	{{OddBot3}}4-10	-	-
EvenBot2	E60	ACCACGGAGCCTTCTCT	1:1:1	1:9:0	1	{{OddBot3}}4-10	-	-
EvenBot2	E61	ATATCAATGATGGTGCT	1:1:1	1:9:0	1	{{OddBot3}}4-10	-	-
EvenBot2	E62	GTAACCATATTGCCGTT	1:1:1	1:9:0	1	{{OddBot3}}4-10	-	-
EvenBot2	E63	TCGGAGGATCTAGTGGT	1:1:1	1:9:0	1	{{OddBot3}}4-10	-	-
EvenBot2	E64	GTCGCACCACAACCATT	1:1:1	1:9:0	1	{{OddBot3}}4-10	-	-
EvenBot2	E65	TTCCGTGGCTTACTGGT	1:1:1	1:9:0	1	{{OddBot3}}4-10	-	-
EvenBot2	E66	CCACGTTCAACTGGCGT	1:1:1	1:9:0	1	{{OddBot3}}4-10	-	-
EvenBot2	E67	GGAACACGCACATGGCT	1:1:1	1:9:0	1	{{OddBot3}}4-10	-	-
EvenBot2	E68	ACTAGCACCTCGTAATT	1:1:1	1:9:0	1	{{OddBot3}}4-10	-	-
EvenBot2	E69	TACAACGGTGCGACTGT	1:1:1	1:9:0	1	{{OddBot3}}4-10	-	-
EvenBot2	E70	TGAGCTGGACAGGTGGT	1:1:1	1:9:0	1	{{OddBot3}}4-10	-	-
EvenBot2	E71	AGCTTGCCGTAGCGTGT	1:1:1	1:9:0	1	{{OddBot3}}4-10	-	-
EvenBot2	E72	CCTGTTACGTCCGCTGT	1:1:1	1:9:0	1	{{OddBot3}}4-10	-	-
EvenBot2	E73	GATTCCTCTGCGATGCT	1:1:1	1:9:0	1	{{OddBot3}}4-10	-	-
EvenBot2	E74	AGAGGATTGGAGAATCT	1:1:1	1:9:0	1	{{OddBot3}}4-10	-	-
EvenBot2	E75	GGCTTCATTAACTAGGT	1:1:1	1:9:0	1	{{OddBot3}}4-10	-	-
EvenBot2	E76	TGGTCGCATGATAAGGT	1:1:1	1:9:0	1	{{OddBot3}}4-10	-	-
EvenBot2	E77	CGTGAAGTGACTGAGGT	1:1:1	1:9:0	1	{{OddBot3}}4-10	-	-
EvenBot2	E78	CGCTGGAACTCATAAGT	1:1:1	1:9:0	1	{{OddBot3}}4-10	-	-
EvenBot2	E79	GCCAGCAATCCTACAGT	1:1:1	1:9:0	1	{{OddBot3}}4-10	-	-
EvenBot2	E80	GCGTATACCGAGTTGGT	1:1:1	1:9:0	1	{{OddBot3}}4-10	-	-
EvenBot2	E81	CCGTATCGAGGTGCCGT	1:1:1	1:9:0	1	{{OddBot3}}4-10	-	-
EvenBot2	E82	TCCGCACTCTGATAATT	1:1:1	1:9:0	1	{{OddBot3}}4-10	-	-
EvenBot2	E83	TGTCGATATTGATCCGT	1:1:1	1:9:0	1	{{OddBot3}}4-10	-	-
EvenBot2	E84	GACGCTGTGGCGATTCT	1:1:1	1:9:0	1	{{OddBot3}}4-10	-	-
EvenBot2	E85	GGTAGCTTACGTCATCT	1:1:1	1:9:0	1	{{OddBot3}}4-10	-	-
EvenBot2	E86	CAATGCGTGTGTTCGGT	1:1:1	1:9:0	1	{{OddBot3}}4-10	-	-
EvenBot2	E87	GACGCTCTATACACCGT	1:1:1	1:9:0	1	{{OddBot3}}4-10	-	-
EvenBot2	E88	ACGCTTGGCTAATAGGT	1:1:1	1:9:0	1	{{OddBot3}}4-10	-	-
EvenBot2	E89	ACCGACATCCGCTGTGT	1:1:1	1:9:0	1	{{OddBot3}}4-10	-	-
EvenBot2	E90	GAGTCTTCGGATACCGT	1:1:1	1:9:0	1	{{OddBot3}}4-10	-	-
EvenBot2	E91	AACGCTTATGGCAGTGT	1:1:1	1:9:0	1	{{OddBot3}}4-10	-	-
EvenBot2	E92	TGGTTGATTCAAGAATT	1:1:1	1:9:0	1	{{OddBot3}}4-10	-	-
EvenBot2	E93	GGTCCTGTCTAGTCCGT	1:1:1	1:9:0	1	{{OddBot3}}4-10	-	-
EvenBot2	E94	CGCCTATTGTACTGCGT	1:1:1	1:9:0	1	{{OddBot3}}4-10	-	-
EvenBot2	E95	GAAGCGGAAGGTATAGT	1:1:1	1:9:0	1	{{OddBot3}}4-10	-	-
EvenBot2	E96	CGCTCCAGTCGTAATCT	1:1:1	1:9:0	1	{{OddBot3}}4-10	-	-
OddBot2	O1	CTTCGTGGAATCTAGCT	1:1:1	1:9:0	1	{{EvenBot2}}4-10	-	-
OddBot2	O2	TCCTGTGCGTTAGAGTT	1:1:1	1:9:0	1	{{EvenBot2}}4-10	-	-
OddBot2	O3	CACTAGAGGTGTCCGTT	1:1:1	1:9:0	1	{{EvenBot2}}4-10	-	-
OddBot2	O4	ATACTCGGTTAGTCCTT	1:1:1	1:9:0	1	{{EvenBot2}}4-10	-	-
OddBot2	O5	ATCGTTCTCATTCTGTT	1:1:1	1:9:0	1	{{EvenBot2}}4-10	-	-
OddBot2	O6	AACGCCGATAAGGACTT	1:1:1	1:9:0	1	{{EvenBot2}}4-10	-	-
OddBot2	O7	GCTGGAAGCCTCTAGCT	1:1:1	1:9:0	1	{{EvenBot2}}4-10	-	-
OddBot2	O8	TCGTGAGGATCAACGCT	1:1:1	1:9:0	1	{{EvenBot2}}4-10	-	-
OddBot2	O9	TGATACCGTAGCAGATT	1:1:1	1:9:0	1	{{EvenBot2}}4-10	-	-
OddBot2	O10	TTCTAACACACAGCCTT	1:1:1	1:9:0	1	{{EvenBot2}}4-10	-	-
OddBot2	O11	TAGTGGCACTTCACCTT	1:1:1	1:9:0	1	{{EvenBot2}}4-10	-	-
OddBot2	O12	CGAAGTGGTTCGGTCTT	1:1:1	1:9:0	1	{{EvenBot2}}4-10	-	-
OddBot2	O13	GCCTACAGAAGTATCTT	1:1:1	1:9:0	1	{{EvenBot2}}4-10	-	-
OddBot2	O14	GTCGGCAACAGACCATT	1:1:1	1:9:0	1	{{EvenBot2}}4-10	-	-
OddBot2	O15	CGTGCTATAATCTTGTT	1:1:1	1:9:0	1	{{EvenBot2}}4-10	-	-
OddBot2	O16	AGTAGAACGCTAGGTTT	1:1:1	1:9:0	1	{{EvenBot2}}4-10	-	-
OddBot2	O17	CATCATACCACGCCGCT	1:1:1	1:9:0	1	{{EvenBot2}}4-10	-	-
OddBot2	O18	ATCCTGGACAGTGAGCT	1:1:1	1:9:0	1	{{EvenBot2}}4-10	-	-
OddBot2	O19	CGTTCTCCTTAGAGATT	1:1:1	1:9:0	1	{{EvenBot2}}4-10	-	-
OddBot2	O20	ACGTTCCATGCTATCTT	1:1:1	1:9:0	1	{{EvenBot2}}4-10	-	-
OddBot2	O21	GGATAGCACCGTTCATT	1:1:1	1:9:0	1	{{EvenBot2}}4-10	-	-
OddBot2	O22	GACCAAGCACCAGACTT	1:1:1	1:9:0	1	{{EvenBot2}}4-10	-	-
OddBot2	O23	ACCTTCCTATGCTACTT	1:1:1	1:9:0	1	{{EvenBot2}}4-10	-	-
OddBot2	O24	CTAACGCTGTGAAGGCT	1:1:1	1:9:0	1	{{EvenBot2}}4-10	-	-
OddBot2	O25	GGTATTACTCATAGGCT	1:1:1	1:9:0	1	{{EvenBot2}}4-10	-	-
OddBot2	O26	GCGGTCACGCCTGAGCT	1:1:1	1:9:0	1	{{EvenBot2}}4-10	-	-
OddBot2	O27	TTCGAGTGGAGCAATTT	1:1:1	1:9:0	1	{{EvenBot2}}4-10	-	-
OddBot2	O28	TCCGCCTAGTGAGGCTT	1:1:1	1:9:0	1	{{EvenBot2}}4-10	-	-
OddBot2	O29	ATGATGTGATAAGGCTT	1:1:1	1:9:0	1	{{EvenBot2}}4-10	-	-
OddBot2	O30	CTTCTTGTCTTGGAGCT	1:1:1	1:9:0	1	{{EvenBot2}}4-10	-	-
OddBot2	O31	CTCAAGGTGTCCGAGTT	1:1:1	1:9:0	1	{{EvenBot2}}4-10	-	-
OddBot2	O32	GTCTCTTGCATCACGCT	1:1:1	1:9:0	1	{{EvenBot2}}4-10	-	-
OddBot2	O33	ATGAGTGCCGCAGACTT	1:1:1	1:9:0	1	{{EvenBot2}}4-10	-	-
OddBot2	O34	CCTATTGCATCTTCATT	1:1:1	1:9:0	1	{{EvenBot2}}4-10	-	-
OddBot2	O35	ATCGAGGATAGCCTGTT	1:1:1	1:9:0	1	{{EvenBot2}}4-10	-	-
OddBot2	O36	CTCCGAGATGATGTGTT	1:1:1	1:9:0	1	{{EvenBot2}}4-10	-	-
OddBot2	O37	AGACAAGCCACCTTATT	1:1:1	1:9:0	1	{{EvenBot2}}4-10	-	-
OddBot2	O38	CGCCGTGCCTCTAACTT	1:1:1	1:9:0	1	{{EvenBot2}}4-10	-	-
OddBot2	O39	TGGTTGCTTGCATTGTT	1:1:1	1:9:0	1	{{EvenBot2}}4-10	-	-
OddBot2	O40	CAGCAACGTCCTATTGT	1:1:1	1:9:0	1	{{EvenBot2}}4-10	-	-
OddBot2	O41	TGGTTGCAGCCTCCGCT	1:1:1	1:9:0	1	{{EvenBot2}}4-10	-	-
OddBot2	O42	CGTTCATTACGTCAGTT	1:1:1	1:9:0	1	{{EvenBot2}}4-10	-	-
OddBot2	O43	ATATGAATATGTGGCTT	1:1:1	1:9:0	1	{{EvenBot2}}4-10	-	-
OddBot2	O44	GTCACTCGGTGCGACTT	1:1:1	1:9:0	1	{{EvenBot2}}4-10	-	-
OddBot2	O45	GCCTAGTAGAAGACGTT	1:1:1	1:9:0	1	{{EvenBot2}}4-10	-	-
OddBot2	O46	GTGCTAACCTACACATT	1:1:1	1:9:0	1	{{EvenBot2}}4-10	-	-
OddBot2	O47	ACTCAGGAAGGCTGATT	1:1:1	1:9:0	1	{{EvenBot2}}4-10	-	-
OddBot2	O48	CGCTGACATAAGACCTT	1:1:1	1:9:0	1	{{EvenBot2}}4-10	-	-
OddBot2	O49	GCCTCTAACTAAGGATT	1:1:1	1:9:0	1	{{EvenBot2}}4-10	-	-
OddBot2	O50	TATCAATCGCAGCGGTT	1:1:1	1:9:0	1	{{EvenBot2}}4-10	-	-
OddBot2	O51	CGCCATGCAGTTACGCT	1:1:1	1:9:0	1	{{EvenBot2}}4-10	-	-
OddBot2	O52	GTGCCTACGACGTAGCT	1:1:1	1:9:0	1	{{EvenBot2}}4-10	-	-
OddBot2	O53	TACAATCACCGTGTATT	1:1:1	1:9:0	1	{{EvenBot2}}4-10	-	-
OddBot2	O54	TGCTCTTCATAAGCCTT	1:1:1	1:9:0	1	{{EvenBot2}}4-10	-	-
OddBot2	O55	TGAATATAGGCACTTGT	1:1:1	1:9:0	1	{{EvenBot2}}4-10	-	-
OddBot2	O56	ATATCTGTGAGCCGATT	1:1:1	1:9:0	1	{{EvenBot2}}4-10	-	-
OddBot2	O57	TAATTGAATACACCGTT	1:1:1	1:9:0	1	{{EvenBot2}}4-10	-	-
OddBot2	O58	CATATCTCGAATAGGCT	1:1:1	1:9:0	1	{{EvenBot2}}4-10	-	-
OddBot2	O59	TGGCAACGGCTCATGTT	1:1:1	1:9:0	1	{{EvenBot2}}4-10	-	-
OddBot2	O60	TGAGAGGATGAATGCTT	1:1:1	1:9:0	1	{{EvenBot2}}4-10	-	-
OddBot2	O61	GGTGTCAAGCACCGCTT	1:1:1	1:9:0	1	{{EvenBot2}}4-10	-	-
OddBot2	O62	ACTAGGTCGAATGCCTT	1:1:1	1:9:0	1	{{EvenBot2}}4-10	-	-
OddBot2	O63	TAGTTCGTCACCGTGTT	1:1:1	1:9:0	1	{{EvenBot2}}4-10	-	-
OddBot2	O64	CGTCACACGTTGAACTT	1:1:1	1:9:0	1	{{EvenBot2}}4-10	-	-
OddBot2	O65	CATACTCTGGTGCCATT	1:1:1	1:9:0	1	{{EvenBot2}}4-10	-	-
OddBot2	O66	GGTCACCAAGAGACGCT	1:1:1	1:9:0	1	{{EvenBot2}}4-10	-	-
OddBot2	O67	GCCTTCCGCCTCGTATT	1:1:1	1:9:0	1	{{EvenBot2}}4-10	-	-
OddBot2	O68	TAGACAGACGGTCTATT	1:1:1	1:9:0	1	{{EvenBot2}}4-10	-	-
OddBot2	O69	TGCCATTCCACTTAGCT	1:1:1	1:9:0	1	{{EvenBot2}}4-10	-	-
OddBot2	O70	GACGAACTCCATGCGTT	1:1:1	1:9:0	1	{{EvenBot2}}4-10	-	-
OddBot2	O71	CGGCAAGACTGCCTATT	1:1:1	1:9:0	1	{{EvenBot2}}4-10	-	-
OddBot2	O72	CAGACTCAATTAGGCTT	1:1:1	1:9:0	1	{{EvenBot2}}4-10	-	-
OddBot2	O73	CACCGCAATATAATTGT	1:1:1	1:9:0	1	{{EvenBot2}}4-10	-	-
OddBot2	O74	AATCAATGAACGAGGCT	1:1:1	1:9:0	1	{{EvenBot2}}4-10	-	-
OddBot2	O75	AGCGTCATCGGACTCTT	1:1:1	1:9:0	1	{{EvenBot2}}4-10	-	-
OddBot2	O76	AAGGACGCAGTGAGATT	1:1:1	1:9:0	1	{{EvenBot2}}4-10	-	-
OddBot2	O77	GTTGAACACTTCCGTTT	1:1:1	1:9:0	1	{{EvenBot2}}4-10	-	-
OddBot2	O78	TTGTGTAGGAGCAAGTT	1:1:1	1:9:0	1	{{EvenBot2}}4-10	-	-
OddBot2	O79	ATTGCTTAACGGATTGT	1:1:1	1:9:0	1	{{EvenBot2}}4-10	-	-
OddBot2	O80	GTATCGCACTCATTGTT	1:1:1	1:9:0	1	{{EvenBot2}}4-10	-	-
OddBot2	O81	CCTCCAGTGTCGTCGCT	1:1:1	1:9:0	1	{{EvenBot2}}4-10	-	-
OddBot2	O82	GTCCGATGGACGCCGTT	1:1:1	1:9:0	1	{{EvenBot2}}4-10	-	-
OddBot2	O83	TAACGCAGGATACTATT	1:1:1	1:9:0	1	{{EvenBot2}}4-10	-	-
OddBot2	O84	TCGTGTCATCGCTAGTT	1:1:1	1:9:0	1	{{EvenBot2}}4-10	-	-
OddBot2	O85	GCTGTGTCTGTCACCTT	1:1:1	1:9:0	1	{{EvenBot2}}4-10	-	-
OddBot2	O86	TTGGCTAGGTTGTGTGT	1:1:1	1:9:0	1	{{EvenBot2}}4-10	-	-
OddBot2	O87	TCGGTTCGTTAGGCGTT	1:1:1	1:9:0	1	{{EvenBot2}}4-10	-	-
OddBot2	O88	TATACGGCACCTACTTT	1:1:1	1:9:0	1	{{EvenBot2}}4-10	-	-
OddBot2	O89	TCACACGTCGAGCGATT	1:1:1	1:9:0	1	{{EvenBot2}}4-10	-	-
OddBot2	O90	TCTCAATCTGGATCGCT	1:1:1	1:9:0	1	{{EvenBot2}}4-10	-	-
OddBot2	O91	CTTCCAACACACGGATT	1:1:1	1:9:0	1	{{EvenBot2}}4-10	-	-
OddBot2	O92	CCTACATCTGTCGAGTT	1:1:1	1:9:0	1	{{EvenBot2}}4-10	-	-
OddBot2	O93	GGAGTGCGTGTTAGCTT	1:1:1	1:9:0	1	{{EvenBot2}}4-10	-	-
OddBot2	O94	CAACGAGGTCAGTCGCT	1:1:1	1:9:0	1	{{EvenBot2}}4-10	-	-
OddBot2	O95	GCTCTTGGAGGTATCTT	1:1:1	1:9:0	1	{{EvenBot2}}4-10	-	-
OddBot2	O96	AGAAGCCTCGGATTGTT	1:1:1	1:9:0	1	{{EvenBot2}}4-10	-	-
EvenBot1	E1	GATACTGCGGCTGACGT	1:1:1	1:9:0	1	{{OddBot2}}4-10	-	-
EvenBot1	E2	TGTAGGTTCTGGAATCT	1:1:1	1:9:0	1	{{OddBot2}}4-10	-	-
EvenBot1	E3	GTGCCGTGACTCCATCT	1:1:1	1:9:0	1	{{OddBot2}}4-10	-	-
EvenBot1	E4	CGTAGTCCAGGTCGTCT	1:1:1	1:9:0	1	{{OddBot2}}4-10	-	-
EvenBot1	E5	AGAAGATCGCAATTAGT	1:1:1	1:9:0	1	{{OddBot2}}4-10	-	-
EvenBot1	E6	TTCAAGCCTTGCGGAGT	1:1:1	1:9:0	1	{{OddBot2}}4-10	-	-
EvenBot1	E7	ATGGACCTCTAATTGCT	1:1:1	1:9:0	1	{{OddBot2}}4-10	-	-
EvenBot1	E8	TGTTGCGTAGTGATGCT	1:1:1	1:9:0	1	{{OddBot2}}4-10	-	-
EvenBot1	E9	CGCATGGATACCAGCGT	1:1:1	1:9:0	1	{{OddBot2}}4-10	-	-
EvenBot1	E10	CGATGACCTGTCCATGT	1:1:1	1:9:0	1	{{OddBot2}}4-10	-	-
EvenBot1	E11	GCACACCATCGTATTCT	1:1:1	1:9:0	1	{{OddBot2}}4-10	-	-
EvenBot1	E12	GCTACTTCCGAATCAGT	1:1:1	1:9:0	1	{{OddBot2}}4-10	-	-
EvenBot1	E13	CGTGACATTAAGGTTGT	1:1:1	1:9:0	1	{{OddBot2}}4-10	-	-
EvenBot1	E14	TCAAGCTAGACGGTTCT	1:1:1	1:9:0	1	{{OddBot2}}4-10	-	-
EvenBot1	E15	TAGAAGTGCTCCAGGTT	1:1:1	1:9:0	1	{{OddBot2}}4-10	-	-
EvenBot1	E16	TGCATAGGACAGGCAGT	1:1:1	1:9:0	1	{{OddBot2}}4-10	-	-
EvenBot1	E17	ACGCTCCTAGATGTTCT	1:1:1	1:9:0	1	{{OddBot2}}4-10	-	-
EvenBot1	E18	GTTATTGCCACCAGTGT	1:1:1	1:9:0	1	{{OddBot2}}4-10	-	-
EvenBot1	E19	GGCGGATTCTCAGTGGT	1:1:1	1:9:0	1	{{OddBot2}}4-10	-	-
EvenBot1	E20	GGCACGAGATCCTTGCT	1:1:1	1:9:0	1	{{OddBot2}}4-10	-	-
EvenBot1	E21	TTCGTGTGAGTCTCGTT	1:1:1	1:9:0	1	{{OddBot2}}4-10	-	-
EvenBot1	E22	TGGCTCTGAACCTATCT	1:1:1	1:9:0	1	{{OddBot2}}4-10	-	-
EvenBot1	E23	AATGCTTCACACGGTGT	1:1:1	1:9:0	1	{{OddBot2}}4-10	-	-
EvenBot1	E24	CGCACACGATCATCTGT	1:1:1	1:9:0	1	{{OddBot2}}4-10	-	-
EvenBot1	E25	ACCTCACGTCTAGGCGT	1:1:1	1:9:0	1	{{OddBot2}}4-10	-	-
EvenBot1	E26	AAGTCCTGCCACTACGT	1:1:1	1:9:0	1	{{OddBot2}}4-10	-	-
EvenBot1	E27	GGCTGAGCTGGTCTAGT	1:1:1	1:9:0	1	{{OddBot2}}4-10	-	-
EvenBot1	E28	AACTCAAGCACCTCTCT	1:1:1	1:9:0	1	{{OddBot2}}4-10	-	-
EvenBot1	E29	CGACTACTGCTCACCGT	1:1:1	1:9:0	1	{{OddBot2}}4-10	-	-
EvenBot1	E30	GCCAGTTAGCAAGACGT	1:1:1	1:9:0	1	{{OddBot2}}4-10	-	-
EvenBot1	E31	TGTTGCTGTGTGGATCT	1:1:1	1:9:0	1	{{OddBot2}}4-10	-	-
EvenBot1	E32	GTCAATGGACGGATGCT	1:1:1	1:9:0	1	{{OddBot2}}4-10	-	-
EvenBot1	E33	CATTCTCTGCCGAGAGT	1:1:1	1:9:0	1	{{OddBot2}}4-10	-	-
EvenBot1	E34	GCACAGTCCTCCATGCT	1:1:1	1:9:0	1	{{OddBot2}}4-10	-	-
EvenBot1	E35	ATGTCCGCCTGCATGGT	1:1:1	1:9:0	1	{{OddBot2}}4-10	-	-
EvenBot1	E36	ACTGGTGTCACGTCTCT	1:1:1	1:9:0	1	{{OddBot2}}4-10	-	-
EvenBot1	E37	TGATTACGTTCCACGGT	1:1:1	1:9:0	1	{{OddBot2}}4-10	-	-
EvenBot1	E38	ACCAACAAGATAGTGCT	1:1:1	1:9:0	1	{{OddBot2}}4-10	-	-
EvenBot1	E39	CGATTAGTGCGAGAGGT	1:1:1	1:9:0	1	{{OddBot2}}4-10	-	-
EvenBot1	E40	GGTATCGTATAGGTCGT	1:1:1	1:9:0	1	{{OddBot2}}4-10	-	-
EvenBot1	E41	ATAGATTGTTGCGTGCT	1:1:1	1:9:0	1	{{OddBot2}}4-10	-	-
EvenBot1	E42	TTGCTCGTTGGTCCAGT	1:1:1	1:9:0	1	{{OddBot2}}4-10	-	-
EvenBot1	E43	AACCGCAGAGAGGTAGT	1:1:1	1:9:0	1	{{OddBot2}}4-10	-	-
EvenBot1	E44	GTCCGTTGCTATAATCT	1:1:1	1:9:0	1	{{OddBot2}}4-10	-	-
EvenBot1	E45	GGTTGTTCGTGTGTCGT	1:1:1	1:9:0	1	{{OddBot2}}4-10	-	-
EvenBot1	E46	GTTGATAAGCCGACGGT	1:1:1	1:9:0	1	{{OddBot2}}4-10	-	-
EvenBot1	E47	TGGAACACTCTACTGCT	1:1:1	1:9:0	1	{{OddBot2}}4-10	-	-
EvenBot1	E48	GACTGTTCGACACGTCT	1:1:1	1:9:0	1	{{OddBot2}}4-10	-	-
EvenBot1	E49	ACTAGGTGGCGGTCTGT	1:1:1	1:9:0	1	{{OddBot2}}4-10	-	-
EvenBot1	E50	GAATCACGAGTTCGTCT	1:1:1	1:9:0	1	{{OddBot2}}4-10	-	-
EvenBot1	E51	TCCTTCGTTAAGGCTGT	1:1:1	1:9:0	1	{{OddBot2}}4-10	-	-
EvenBot1	E52	CGACGACTGACTAGGTT	1:1:1	1:9:0	1	{{OddBot2}}4-10	-	-
EvenBot1	E53	CTCTACACCGCTGAAGT	1:1:1	1:9:0	1	{{OddBot2}}4-10	-	-
EvenBot1	E54	ACCTGCTTCCGTGATGT	1:1:1	1:9:0	1	{{OddBot2}}4-10	-	-
EvenBot1	E55	GCATCGACTCACCTTCT	1:1:1	1:9:0	1	{{OddBot2}}4-10	-	-
EvenBot1	E56	CTGATTCCTGAGTCCGT	1:1:1	1:9:0	1	{{OddBot2}}4-10	-	-
EvenBot1	E57	AGTCCAGGCATTCGTCT	1:1:1	1:9:0	1	{{OddBot2}}4-10	-	-
EvenBot1	E58	GAGCGTGCAGTGGAAGT	1:1:1	1:9:0	1	{{OddBot2}}4-10	-	-
EvenBot1	E59	CTATCCTGTCAACGGCT	1:1:1	1:9:0	1	{{OddBot2}}4-10	-	-
EvenBot1	E60	ACCACGGAGCCTTCTCT	1:1:1	1:9:0	1	{{OddBot2}}4-10	-	-
EvenBot1	E61	ATATCAATGATGGTGCT	1:1:1	1:9:0	1	{{OddBot2}}4-10	-	-
EvenBot1	E62	GTAACCATATTGCCGTT	1:1:1	1:9:0	1	{{OddBot2}}4-10	-	-
EvenBot1	E63	TCGGAGGATCTAGTGGT	1:1:1	1:9:0	1	{{OddBot2}}4-10	-	-
EvenBot1	E64	GTCGCACCACAACCATT	1:1:1	1:9:0	1	{{OddBot2}}4-10	-	-
EvenBot1	E65	TTCCGTGGCTTACTGGT	1:1:1	1:9:0	1	{{OddBot2}}4-10	-	-
EvenBot1	E66	CCACGTTCAACTGGCGT	1:1:1	1:9:0	1	{{OddBot2}}4-10	-	-
EvenBot1	E67	GGAACACGCACATGGCT	1:1:1	1:9:0	1	{{OddBot2}}4-10	-	-
EvenBot1	E68	ACTAGCACCTCGTAATT	1:1:1	1:9:0	1	{{OddBot2}}4-10	-	-
EvenBot1	E69	TACAACGGTGCGACTGT	1:1:1	1:9:0	1	{{OddBot2}}4-10	-	-
EvenBot1	E70	TGAGCTGGACAGGTGGT	1:1:1	1:9:0	1	{{OddBot2}}4-10	-	-
EvenBot1	E71	AGCTTGCCGTAGCGTGT	1:1:1	1:9:0	1	{{OddBot2}}4-10	-	-
EvenBot1	E72	CCTGTTACGTCCGCTGT	1:1:1	1:9:0	1	{{OddBot2}}4-10	-	-
EvenBot1	E73	GATTCCTCTGCGATGCT	1:1:1	1:9:0	1	{{OddBot2}}4-10	-	-
EvenBot1	E74	AGAGGATTGGAGAATCT	1:1:1	1:9:0	1	{{OddBot2}}4-10	-	-
EvenBot1	E75	GGCTTCATTAACTAGGT	1:1:1	1:9:0	1	{{OddBot2}}4-10	-	-
EvenBot1	E76	TGGTCGCATGATAAGGT	1:1:1	1:9:0	1	{{OddBot2}}4-10	-	-
EvenBot1	E77	CGTGAAGTGACTGAGGT	1:1:1	1:9:0	1	{{OddBot2}}4-10	-	-
EvenBot1	E78	CGCTGGAACTCATAAGT	1:1:1	1:9:0	1	{{OddBot2}}4-10	-	-
EvenBot1	E79	GCCAGCAATCCTACAGT	1:1:1	1:9:0	1	{{OddBot2}}4-10	-	-
EvenBot1	E80	GCGTATACCGAGTTGGT	1:1:1	1:9:0	1	{{OddBot2}}4-10	-	-
EvenBot1	E81	CCGTATCGAGGTGCCGT	1:1:1	1:9:0	1	{{OddBot2}}4-10	-	-
EvenBot1	E82	TCCGCACTCTGATAATT	1:1:1	1:9:0	1	{{OddBot2}}4-10	-	-
EvenBot1	E83	TGTCGATATTGATCCGT	1:1:1	1:9:0	1	{{OddBot2}}4-10	-	-
EvenBot1	E84	GACGCTGTGGCGATTCT	1:1:1	1:9:0	1	{{OddBot2}}4-10	-	-
EvenBot1	E85	GGTAGCTTACGTCATCT	1:1:1	1:9:0	1	{{OddBot2}}4-10	-	-
EvenBot1	E86	CAATGCGTGTGTTCGGT	1:1:1	1:9:0	1	{{OddBot2}}4-10	-	-
EvenBot1	E87	GACGCTCTATACACCGT	1:1:1	1:9:0	1	{{OddBot2}}4-10	-	-
EvenBot1	E88	ACGCTTGGCTAATAGGT	1:1:1	1:9:0	1	{{OddBot2}}4-10	-	-
EvenBot1	E89	ACCGACATCCGCTGTGT	1:1:1	1:9:0	1	{{OddBot2}}4-10	-	-
EvenBot1	E90	GAGTCTTCGGATACCGT	1:1:1	1:9:0	1	{{OddBot2}}4-10	-	-
EvenBot1	E91	AACGCTTATGGCAGTGT	1:1:1	1:9:0	1	{{OddBot2}}4-10	-	-
EvenBot1	E92	TGGTTGATTCAAGAATT	1:1:1	1:9:0	1	{{OddBot2}}4-10	-	-
EvenBot1	E93	GGTCCTGTCTAGTCCGT	1:1:1	1:9:0	1	{{OddBot2}}4-10	-	-
EvenBot1	E94	CGCCTATTGTACTGCGT	1:1:1	1:9:0	1	{{OddBot2}}4-10	-	-
EvenBot1	E95	GAAGCGGAAGGTATAGT	1:1:1	1:9:0	1	{{OddBot2}}4-10	-	-
EvenBot1	E96	CGCTCCAGTCGTAATCT	1:1:1	1:9:0	1	{{OddBot2}}4-10	-	-
OddBot1	O1	CTTCGTGGAATCTAGC	1:1:1	1:9:0	1	{{EvenBot1}}4-10	-	-
OddBot1	O2	TCCTGTGCGTTAGAGT	1:1:1	1:9:0	1	{{EvenBot1}}4-10	-	-
OddBot1	O3	CACTAGAGGTGTCCGT	1:1:1	1:9:0	1	{{EvenBot1}}4-10	-	-
OddBot1	O4	ATACTCGGTTAGTCCT	1:1:1	1:9:0	1	{{EvenBot1}}4-10	-	-
OddBot1	O5	ATCGTTCTCATTCTGT	1:1:1	1:9:0	1	{{EvenBot1}}4-10	-	-
OddBot1	O6	AACGCCGATAAGGACT	1:1:1	1:9:0	1	{{EvenBot1}}4-10	-	-
OddBot1	O7	GCTGGAAGCCTCTAGC	1:1:1	1:9:0	1	{{EvenBot1}}4-10	-	-
OddBot1	O8	TCGTGAGGATCAACGC	1:1:1	1:9:0	1	{{EvenBot1}}4-10	-	-
OddBot1	O9	TGATACCGTAGCAGAT	1:1:1	1:9:0	1	{{EvenBot1}}4-10	-	-
OddBot1	O10	TTCTAACACACAGCCT	1:1:1	1:9:0	1	{{EvenBot1}}4-10	-	-
OddBot1	O11	TAGTGGCACTTCACCT	1:1:1	1:9:0	1	{{EvenBot1}}4-10	-	-
OddBot1	O12	CGAAGTGGTTCGGTCT	1:1:1	1:9:0	1	{{EvenBot1}}4-10	-	-
OddBot1	O13	GCCTACAGAAGTATCT	1:1:1	1:9:0	1	{{EvenBot1}}4-10	-	-
OddBot1	O14	GTCGGCAACAGACCAT	1:1:1	1:9:0	1	{{EvenBot1}}4-10	-	-
OddBot1	O15	CGTGCTATAATCTTGT	1:1:1	1:9:0	1	{{EvenBot1}}4-10	-	-
OddBot1	O16	AGTAGAACGCTAGGTT	1:1:1	1:9:0	1	{{EvenBot1}}4-10	-	-
OddBot1	O17	CATCATACCACGCCGC	1:1:1	1:9:0	1	{{EvenBot1}}4-10	-	-
OddBot1	O18	ATCCTGGACAGTGAGC	1:1:1	1:9:0	1	{{EvenBot1}}4-10	-	-
OddBot1	O19	CGTTCTCCTTAGAGAT	1:1:1	1:9:0	1	{{EvenBot1}}4-10	-	-
OddBot1	O20	ACGTTCCATGCTATCT	1:1:1	1:9:0	1	{{EvenBot1}}4-10	-	-
OddBot1	O21	GGATAGCACCGTTCAT	1:1:1	1:9:0	1	{{EvenBot1}}4-10	-	-
OddBot1	O22	GACCAAGCACCAGACT	1:1:1	1:9:0	1	{{EvenBot1}}4-10	-	-
OddBot1	O23	ACCTTCCTATGCTACT	1:1:1	1:9:0	1	{{EvenBot1}}4-10	-	-
OddBot1	O24	CTAACGCTGTGAAGGC	1:1:1	1:9:0	1	{{EvenBot1}}4-10	-	-
OddBot1	O25	GGTATTACTCATAGGC	1:1:1	1:9:0	1	{{EvenBot1}}4-10	-	-
OddBot1	O26	GCGGTCACGCCTGAGC	1:1:1	1:9:0	1	{{EvenBot1}}4-10	-	-
OddBot1	O27	TTCGAGTGGAGCAATT	1:1:1	1:9:0	1	{{EvenBot1}}4-10	-	-
OddBot1	O28	TCCGCCTAGTGAGGCT	1:1:1	1:9:0	1	{{EvenBot1}}4-10	-	-
OddBot1	O29	ATGATGTGATAAGGCT	1:1:1	1:9:0	1	{{EvenBot1}}4-10	-	-
OddBot1	O30	CTTCTTGTCTTGGAGC	1:1:1	1:9:0	1	{{EvenBot1}}4-10	-	-
OddBot1	O31	CTCAAGGTGTCCGAGT	1:1:1	1:9:0	1	{{EvenBot1}}4-10	-	-
OddBot1	O32	GTCTCTTGCATCACGC	1:1:1	1:9:0	1	{{EvenBot1}}4-10	-	-
OddBot1	O33	ATGAGTGCCGCAGACT	1:1:1	1:9:0	1	{{EvenBot1}}4-10	-	-
OddBot1	O34	CCTATTGCATCTTCAT	1:1:1	1:9:0	1	{{EvenBot1}}4-10	-	-
OddBot1	O35	ATCGAGGATAGCCTGT	1:1:1	1:9:0	1	{{EvenBot1}}4-10	-	-
OddBot1	O36	CTCCGAGATGATGTGT	1:1:1	1:9:0	1	{{EvenBot1}}4-10	-	-
OddBot1	O37	AGACAAGCCACCTTAT	1:1:1	1:9:0	1	{{EvenBot1}}4-10	-	-
OddBot1	O38	CGCCGTGCCTCTAACT	1:1:1	1:9:0	1	{{EvenBot1}}4-10	-	-
OddBot1	O39	TGGTTGCTTGCATTGT	1:1:1	1:9:0	1	{{EvenBot1}}4-10	-	-
OddBot1	O40	CAGCAACGTCCTATTG	1:1:1	1:9:0	1	{{EvenBot1}}4-10	-	-
OddBot1	O41	TGGTTGCAGCCTCCGC	1:1:1	1:9:0	1	{{EvenBot1}}4-10	-	-
OddBot1	O42	CGTTCATTACGTCAGT	1:1:1	1:9:0	1	{{EvenBot1}}4-10	-	-
OddBot1	O43	ATATGAATATGTGGCT	1:1:1	1:9:0	1	{{EvenBot1}}4-10	-	-
OddBot1	O44	GTCACTCGGTGCGACT	1:1:1	1:9:0	1	{{EvenBot1}}4-10	-	-
OddBot1	O45	GCCTAGTAGAAGACGT	1:1:1	1:9:0	1	{{EvenBot1}}4-10	-	-
OddBot1	O46	GTGCTAACCTACACAT	1:1:1	1:9:0	1	{{EvenBot1}}4-10	-	-
OddBot1	O47	ACTCAGGAAGGCTGAT	1:1:1	1:9:0	1	{{EvenBot1}}4-10	-	-
OddBot1	O48	CGCTGACATAAGACCT	1:1:1	1:9:0	1	{{EvenBot1}}4-10	-	-
OddBot1	O49	GCCTCTAACTAAGGAT	1:1:1	1:9:0	1	{{EvenBot1}}4-10	-	-
OddBot1	O50	TATCAATCGCAGCGGT	1:1:1	1:9:0	1	{{EvenBot1}}4-10	-	-
OddBot1	O51	CGCCATGCAGTTACGC	1:1:1	1:9:0	1	{{EvenBot1}}4-10	-	-
OddBot1	O52	GTGCCTACGACGTAGC	1:1:1	1:9:0	1	{{EvenBot1}}4-10	-	-
OddBot1	O53	TACAATCACCGTGTAT	1:1:1	1:9:0	1	{{EvenBot1}}4-10	-	-
OddBot1	O54	TGCTCTTCATAAGCCT	1:1:1	1:9:0	1	{{EvenBot1}}4-10	-	-
OddBot1	O55	TGAATATAGGCACTTG	1:1:1	1:9:0	1	{{EvenBot1}}4-10	-	-
OddBot1	O56	ATATCTGTGAGCCGAT	1:1:1	1:9:0	1	{{EvenBot1}}4-10	-	-
OddBot1	O57	TAATTGAATACACCGT	1:1:1	1:9:0	1	{{EvenBot1}}4-10	-	-
OddBot1	O58	CATATCTCGAATAGGC	1:1:1	1:9:0	1	{{EvenBot1}}4-10	-	-
OddBot1	O59	TGGCAACGGCTCATGT	1:1:1	1:9:0	1	{{EvenBot1}}4-10	-	-
OddBot1	O60	TGAGAGGATGAATGCT	1:1:1	1:9:0	1	{{EvenBot1}}4-10	-	-
OddBot1	O61	GGTGTCAAGCACCGCT	1:1:1	1:9:0	1	{{EvenBot1}}4-10	-	-
OddBot1	O62	ACTAGGTCGAATGCCT	1:1:1	1:9:0	1	{{EvenBot1}}4-10	-	-
OddBot1	O63	TAGTTCGTCACCGTGT	1:1:1	1:9:0	1	{{EvenBot1}}4-10	-	-
OddBot1	O64	CGTCACACGTTGAACT	1:1:1	1:9:0	1	{{EvenBot1}}4-10	-	-
OddBot1	O65	CATACTCTGGTGCCAT	1:1:1	1:9:0	1	{{EvenBot1}}4-10	-	-
OddBot1	O66	GGTCACCAAGAGACGC	1:1:1	1:9:0	1	{{EvenBot1}}4-10	-	-
OddBot1	O67	GCCTTCCGCCTCGTAT	1:1:1	1:9:0	1	{{EvenBot1}}4-10	-	-
OddBot1	O68	TAGACAGACGGTCTAT	1:1:1	1:9:0	1	{{EvenBot1}}4-10	-	-
OddBot1	O69	TGCCATTCCACTTAGC	1:1:1	1:9:0	1	{{EvenBot1}}4-10	-	-
OddBot1	O70	GACGAACTCCATGCGT	1:1:1	1:9:0	1	{{EvenBot1}}4-10	-	-
OddBot1	O71	CGGCAAGACTGCCTAT	1:1:1	1:9:0	1	{{EvenBot1}}4-10	-	-
OddBot1	O72	CAGACTCAATTAGGCT	1:1:1	1:9:0	1	{{EvenBot1}}4-10	-	-
OddBot1	O73	CACCGCAATATAATTG	1:1:1	1:9:0	1	{{EvenBot1}}4-10	-	-
OddBot1	O74	AATCAATGAACGAGGC	1:1:1	1:9:0	1	{{EvenBot1}}4-10	-	-
OddBot1	O75	AGCGTCATCGGACTCT	1:1:1	1:9:0	1	{{EvenBot1}}4-10	-	-
OddBot1	O76	AAGGACGCAGTGAGAT	1:1:1	1:9:0	1	{{EvenBot1}}4-10	-	-
OddBot1	O77	GTTGAACACTTCCGTT	1:1:1	1:9:0	1	{{EvenBot1}}4-10	-	-
OddBot1	O78	TTGTGTAGGAGCAAGT	1:1:1	1:9:0	1	{{EvenBot1}}4-10	-	-
OddBot1	O79	ATTGCTTAACGGATTG	1:1:1	1:9:0	1	{{EvenBot1}}4-10	-	-
OddBot1	O80	GTATCGCACTCATTGT	1:1:1	1:9:0	1	{{EvenBot1}}4-10	-	-
OddBot1	O81	CCTCCAGTGTCGTCGC	1:1:1	1:9:0	1	{{EvenBot1}}4-10	-	-
OddBot1	O82	GTCCGATGGACGCCGT	1:1:1	1:9:0	1	{{EvenBot1}}4-10	-	-
OddBot1	O83	TAACGCAGGATACTAT	1:1:1	1:9:0	1	{{EvenBot1}}4-10	-	-
OddBot1	O84	TCGTGTCATCGCTAGT	1:1:1	1:9:0	1	{{EvenBot1}}4-10	-	-
OddBot1	O85	GCTGTGTCTGTCACCT	1:1:1	1:9:0	1	{{EvenBot1}}4-10	-	-
OddBot1	O86	TTGGCTAGGTTGTGTG	1:1:1	1:9:0	1	{{EvenBot1}}4-10	-	-
OddBot1	O87	TCGGTTCGTTAGGCGT	1:1:1	1:9:0	1	{{EvenBot1}}4-10	-	-
OddBot1	O88	TATACGGCACCTACTT	1:1:1	1:9:0	1	{{EvenBot1}}4-10	-	-
OddBot1	O89	TCACACGTCGAGCGAT	1:1:1	1:9:0	1	{{EvenBot1}}4-10	-	-
OddBot1	O90	TCTCAATCTGGATCGC	1:1:1	1:9:0	1	{{EvenBot1}}4-10	-	-
OddBot1	O91	CTTCCAACACACGGAT	1:1:1	1:9:0	1	{{EvenBot1}}4-10	-	-
OddBot1	O92	CCTACATCTGTCGAGT	1:1:1	1:9:0	1	{{EvenBot1}}4-10	-	-
OddBot1	O93	GGAGTGCGTGTTAGCT	1:1:1	1:9:0	1	{{EvenBot1}}4-10	-	-
OddBot1	O94	CAACGAGGTCAGTCGC	1:1:1	1:9:0	1	{{EvenBot1}}4-10	-	-
OddBot1	O95	GCTCTTGGAGGTATCT	1:1:1	1:9:0	1	{{EvenBot1}}4-10	-	-
OddBot1	O96	AGAAGCCTCGGATTGT	1:1:1	1:9:0	1	{{EvenBot1}}4-10	-	-
Even	Even	TGACTTG	1:0:1	1:9:0	1	{{OddBot1}}0-2	1	-
oligo	BEAD_AB1-A1	AACTGTTCC	1:0:1	1:9:0	1	{Even}8-8	-	-
oligo	BEAD_AB2-A2	AATTCGGCG	1:0:1	1:9:0	1	{Even}8-8	-	-
# oligo	BEAD_AB3-A3	ACGGATTCC	1:0:1	1:9:0	1	{Even}8-8	-	-
# oligo	BEAD_AB4-A4	ACTATGAGT	1:0:1	1:9:0	1	{Even}8-8	-	-
# oligo	BEAD_AB5-A5	ACTTATATA	1:0:1	1:9:0	1	{Even}8-8	-	-
# oligo	BEAD_AB6-A6	AGCACAGGT	1:0:1	1:9:0	1	{Even}8-8	-	-
# oligo	BEAD_AB7-A7	AGCCTATCT	1:0:1	1:9:0	1	{Even}8-8	-	-
# oligo	BEAD_AB8-A8	AGCGAGGCA	1:0:1	1:9:0	1	{Even}8-8	-	-
# oligo	BEAD_AB9-A9	AGTATCGGC	1:0:1	1:9:0	1	{Even}8-8	-	-
# oligo	BEAD_AB10-A10	AGTGCTTAG	1:0:1	1:9:0	1	{Even}8-8	-	-
# oligo	BEAD_AB11-A11	AGTTAAGGA	1:0:1	1:9:0	1	{Even}8-8	-	-
# oligo	BEAD_AB12-A12	ATAGAACAG	1:0:1	1:9:0	1	{Even}8-8	-	-
# oligo	BEAD_AB13-B1	ATCGAGAGT	1:0:1	1:9:0	1	{Even}8-8	-	-
# oligo	BEAD_AB14-B2	ATCTCTCGC	1:0:1	1:9:0	1	{Even}8-8	-	-
# oligo	BEAD_AB15-B3	ATGATGTTA	1:0:1	1:9:0	1	{Even}8-8	-	-
# oligo	BEAD_AB16-B4	ATGTGCTTC	1:0:1	1:9:0	1	{Even}8-8	-	-
# oligo	BEAD_AB17-B5	CAAGATTCT	1:0:1	1:9:0	1	{Even}8-8	-	-
# oligo	BEAD_AB18-B6	CAATTGAAC	1:0:1	1:9:0	1	{Even}8-8	-	-
# oligo	BEAD_AB19-B7	CACATTCGC	1:0:1	1:9:0	1	{Even}8-8	-	-
# oligo	BEAD_AB20-B8	CACGCATGG	1:0:1	1:9:0	1	{Even}8-8	-	-
# oligo	BEAD_AB21-B9	CAGGCGCAC	1:0:1	1:9:0	1	{Even}8-8	-	-
# oligo	BEAD_AB22-B10	CAGGTCGTT	1:0:1	1:9:0	1	{Even}8-8	-	-
# oligo	BEAD_AB23-B11	CATCCTGGC	1:0:1	1:9:0	1	{Even}8-8	-	-
# oligo	BEAD_AB24-B12	CCAATTAGG	1:0:1	1:9:0	1	{Even}8-8	-	-
# oligo	BEAD_AB25-C1	CCAGAAGGT	1:0:1	1:9:0	1	{Even}8-8	-	-
# oligo	BEAD_AB26-C2	CCTACAATA	1:0:1	1:9:0	1	{Even}8-8	-	-
# oligo	BEAD_AB27-C3	CCTATGCTC	1:0:1	1:9:0	1	{Even}8-8	-	-
# oligo	BEAD_AB28-C4	CCTGGTCAC	1:0:1	1:9:0	1	{Even}8-8	-	-
# oligo	BEAD_AB29-C5	CCTTAACCA	1:0:1	1:9:0	1	{Even}8-8	-	-
# oligo	BEAD_AB30-C6	CGAACGCGT	1:0:1	1:9:0	1	{Even}8-8	-	-
# oligo	BEAD_AB31-C7	CGACATCAT	1:0:1	1:9:0	1	{Even}8-8	-	-
# oligo	BEAD_AB32-C8	CGACGACCA	1:0:1	1:9:0	1	{Even}8-8	-	-
# oligo	BEAD_AB33-C9	CGGACGTCA	1:0:1	1:9:0	1	{Even}8-8	-	-
# oligo	BEAD_AB34-C10	CGGAGCCTT	1:0:1	1:9:0	1	{Even}8-8	-	-
# oligo	BEAD_AB35-C11	CGTACCAAT	1:0:1	1:9:0	1	{Even}8-8	-	-
# oligo	BEAD_AB36-C12	CGTCGCATC	1:0:1	1:9:0	1	{Even}8-8	-	-
# oligo	BEAD_AB37-D1	CGTGTCTGT	1:0:1	1:9:0	1	{Even}8-8	-	-
# oligo	BEAD_AB38-D2	CTAATAATT	1:0:1	1:9:0	1	{Even}8-8	-	-
# oligo	BEAD_AB39-D3	CTACACTCG	1:0:1	1:9:0	1	{Even}8-8	-	-
# oligo	BEAD_AB40-D4	CTCATCCTG	1:0:1	1:9:0	1	{Even}8-8	-	-
# oligo	BEAD_AB41-D5	CTGATTGCC	1:0:1	1:9:0	1	{Even}8-8	-	-
# oligo	BEAD_AB42-D6	CTGGAATGA	1:0:1	1:9:0	1	{Even}8-8	-	-
# oligo	BEAD_AB43-D7	GAACTCCTA	1:0:1	1:9:0	1	{Even}8-8	-	-
# oligo	BEAD_AB44-D8	GAGCGACGG	1:0:1	1:9:0	1	{Even}8-8	-	-
# oligo	BEAD_AB45-D9	GAGTCATAC	1:0:1	1:9:0	1	{Even}8-8	-	-
# oligo	BEAD_AB46-D10	GATACTCTC	1:0:1	1:9:0	1	{Even}8-8	-	-
# oligo	BEAD_AB47-D11	GATAGGCCA	1:0:1	1:9:0	1	{Even}8-8	-	-
# oligo	BEAD_AB48-D12	GATGTGTAG	1:0:1	1:9:0	1	{Even}8-8	-	-
# oligo	BEAD_AB49-E1	GCAAGGCTG	1:0:1	1:9:0	1	{Even}8-8	-	-
# oligo	BEAD_AB50-E2	GCACGCAAG	1:0:1	1:9:0	1	{Even}8-8	-	-
# oligo	BEAD_AB51-E3	GCATTGCCT	1:0:1	1:9:0	1	{Even}8-8	-	-
# oligo	BEAD_AB52-E4	GCCAACGTA	1:0:1	1:9:0	1	{Even}8-8	-	-
# oligo	BEAD_AB53-E5	GCCGACACT	1:0:1	1:9:0	1	{Even}8-8	-	-
# oligo	BEAD_AB54-E6	GCCGCACTT	1:0:1	1:9:0	1	{Even}8-8	-	-
# oligo	BEAD_AB55-E7	GCCTCCAAC	1:0:1	1:9:0	1	{Even}8-8	-	-
# oligo	BEAD_AB56-E8	GCGATTGAG	1:0:1	1:9:0	1	{Even}8-8	-	-
# oligo	BEAD_AB57-E9	GCTCGCTCC	1:0:1	1:9:0	1	{Even}8-8	-	-
# oligo	BEAD_AB58-E10	GCTGCTGTG	1:0:1	1:9:0	1	{Even}8-8	-	-
# oligo	BEAD_AB59-E11	GGAGATGAA	1:0:1	1:9:0	1	{Even}8-8	-	-
# oligo	BEAD_AB60-E12	GGAGGCGCT	1:0:1	1:9:0	1	{Even}8-8	-	-
# oligo	BEAD_AB61-F1	GGCAGACTA	1:0:1	1:9:0	1	{Even}8-8	-	-
# oligo	BEAD_AB62-F2	GGCTAGTAT	1:0:1	1:9:0	1	{Even}8-8	-	-
# oligo	BEAD_AB63-F3	GGTATGCGG	1:0:1	1:9:0	1	{Even}8-8	-	-
# oligo	BEAD_AB64-F4	GGTGACATG	1:0:1	1:9:0	1	{Even}8-8	-	-
# oligo	BEAD_AB65-F5	GGTTGGCTC	1:0:1	1:9:0	1	{Even}8-8	-	-
# oligo	BEAD_AB66-F6	GTATCCGCA	1:0:1	1:9:0	1	{Even}8-8	-	-
# oligo	BEAD_AB67-F7	GTTACGTAA	1:0:1	1:9:0	1	{Even}8-8	-	-
# oligo	BEAD_AB68-F8	GTTAGCCAT	1:0:1	1:9:0	1	{Even}8-8	-	-
# oligo	BEAD_AB69-F9	GTTCGATGT	1:0:1	1:9:0	1	{Even}8-8	-	-
# oligo	BEAD_AB70-F10	GTTCTTACC	1:0:1	1:9:0	1	{Even}8-8	-	-
# oligo	BEAD_AB71-F11	GTTGCCTTC	1:0:1	1:9:0	1	{Even}8-8	-	-
# oligo	BEAD_AB72-F12	TACGTCCAT	1:0:1	1:9:0	1	{Even}8-8	-	-
# oligo	BEAD_AB73-G1	TAGATCGCA	1:0:1	1:9:0	1	{Even}8-8	-	-
# oligo	BEAD_AB74-G2	TATAGACAG	1:0:1	1:9:0	1	{Even}8-8	-	-
# oligo	BEAD_AB75-G3	TCAGTAGTG	1:0:1	1:9:0	1	{Even}8-8	-	-
# oligo	BEAD_AB76-G4	TCATGTTGT	1:0:1	1:9:0	1	{Even}8-8	-	-
# oligo	BEAD_AB77-G5	TCGCGCTAA	1:0:1	1:9:0	1	{Even}8-8	-	-
# oligo	BEAD_AB78-G6	TCGTGTATG	1:0:1	1:9:0	1	{Even}8-8	-	-
# oligo	BEAD_AB79-G7	TCTACATGC	1:0:1	1:9:0	1	{Even}8-8	-	-
# oligo	BEAD_AB80-G8	TCTCCGGCT	1:0:1	1:9:0	1	{Even}8-8	-	-
# oligo	BEAD_AB81-G9	TGACGCCAC	1:0:1	1:9:0	1	{Even}8-8	-	-
# oligo	BEAD_AB82-G10	TGATAATCA	1:0:1	1:9:0	1	{Even}8-8	-	-
# oligo	BEAD_AB83-G11	TGATCACAG	1:0:1	1:9:0	1	{Even}8-8	-	-
# oligo	BEAD_AB84-G12	TGCAGCGGA	1:0:1	1:9:0	1	{Even}8-8	-	-
# oligo	BEAD_AB85-H1	TGCTCAACC	1:0:1	1:9:0	1	{Even}8-8	-	-
# oligo	BEAD_AB86-H2	TGGCGTACC	1:0:1	1:9:0	1	{Even}8-8	-	-
# oligo	BEAD_AB87-H3	TGGTTCACT	1:0:1	1:9:0	1	{Even}8-8	-	-
# oligo	BEAD_AB88-H4	TGTAAGGTG	1:0:1	1:9:0	1	{Even}8-8	-	-
# oligo	BEAD_AB89-H5	TGTCAGCGA	1:0:1	1:9:0	1	{Even}8-8	-	-
# oligo	BEAD_AB90-H6	TTAGCAATA	1:0:1	1:9:0	1	{Even}8-8	-	-
# oligo	BEAD_AB91-H7	TTCCAACCG	1:0:1	1:9:0	1	{Even}8-8	-	-
# oligo	BEAD_AB92-H8	TTCCATAGC	1:0:1	1:9:0	1	{Even}8-8	-	-
# oligo	BEAD_AB93-H9	TTCCTAGAT	1:0:1	1:9:0	1	{Even}8-8	-	-
# oligo	BEAD_AB94-H10	TTCTAATAC	1:0:1	1:9:0	1	{Even}8-8	-	-
# oligo	BEAD_AB95-H11	TTGAGATTG	1:0:1	1:9:0	1	{Even}8-8	-	-
# oligo	BEAD_AB96-H12	TTGGAGCGG	1:0:1	1:9:0	1	{Even}8-8	-	-